case,year,Deer Population,Predator Population,Forage Biomass
case1,1900.0,4000.0,100.0,317000.0
case1,1900.05,3996.27,99.9971,317000.0
case1,1900.1,3992.64,99.9884,316999.0
case1,1900.15,3989.14,99.9741,316999.0
case1,1900.2,3985.76,99.9545,316999.0
case1,1900.25,3982.52,99.9297,316999.0
case1,1900.3,3979.41,99.9,316999.0
case1,1900.35,3976.45,99.8655,316999.0
case1,1900.4,3973.64,99.8265,317000.0
case1,1900.45,3970.99,99.7833,317000.0
case1,1900.5,3968.49,99.7361,317001.0
case1,1900.55,3966.15,99.6852,317001.0
case1,1900.6,3963.98,99.6307,317002.0
case1,1900.65,3961.98,99.5731,317003.0
case1,1900.7,3960.14,99.5125,317004.0
case1,1900.75,3958.47,99.4492,317005.0
case1,1900.8,3956.97,99.3835,317006.0
case1,1900.85,3955.64,99.3156,317007.0
case1,1900.9,3954.48,99.2459,317008.0
case1,1900.95,3953.48,99.1745,317009.0
case1,1901.0,3952.65,99.1018,317010.0
case1,1901.05,3951.98,99.0279,317012.0
case1,1901.1,3951.48,98.9532,317013.0
case1,1901.15,3951.13,98.8779,317014.0
case1,1901.2,3950.94,98.8023,317015.0
case1,1901.25,3950.9,98.7265,317016.0
case1,1901.3,3951.01,98.6509,317018.0
case1,1901.35,3951.26,98.5755,317019.0
case1,1901.4,3951.65,98.5008,317020.0
case1,1901.45,3952.18,98.4268,317021.0
case1,1901.5,3952.83,98.3537,317022.0
case1,1901.55,3953.61,98.2818,317023.0
case1,1901.6,3954.51,98.2113,317024.0
case1,1901.65,3955.52,98.1423,317025.0
case1,1901.7,3956.63,98.0749,317026.0
case1,1901.75,3957.85,98.0094,317027.0
case1,1901.8,3959.16,97.9458,317028.0
case1,1901.85,3960.56,97.8844,317029.0
case1,1901.9,3962.05,97.8252,317030.0
case1,1901.95,3963.61,97.7684,317031.0
case1,1902.0,3965.24,97.7141,317031.0
case1,1902.05,3966.93,97.6623,317032.0
case1,1902.1,3968.68,97.6132,317032.0
case1,1902.15,3970.48,97.5668,317033.0
case1,1902.2,3972.32,97.5232,317033.0
case1,1902.25,3974.2,97.4824,317034.0
case1,1902.3,3976.11,97.4446,317034.0
case1,1902.35,3978.04,97.4097,317034.0
case1,1902.4,3979.99,97.3778,317034.0
case1,1902.45,3981.96,97.3488,317034.0
case1,1902.5,3983.93,97.3229,317034.0
case1,1902.55,3985.89,97.2999,317034.0
case1,1902.6,3987.86,97.28,317034.0
case1,1902.65,3989.81,97.263,317033.0
case1,1902.7,3991.74,97.249,317033.0
case1,1902.75,3993.65,97.2379,317033.0
case1,1902.8,3995.53,97.2297,317032.0
case1,1902.85,3997.38,97.2243,317032.0
case1,1902.9,3999.19,97.2217,317031.0
case1,1902.95,4000.97,97.2218,317030.0
case1,1903.0,4002.74,97.2246,317030.0
case1,1903.05,4004.5,97.2301,317029.0
case1,1903.1,4006.24,97.2383,317028.0
case1,1903.15,4007.96,97.2491,317027.0
case1,1903.2,4009.66,97.2625,317026.0
case1,1903.25,4011.33,97.2784,317025.0
case1,1903.3,4012.97,97.2969,317024.0
case1,1903.35,4014.56,97.3178,317023.0
case1,1903.4,4016.11,97.3412,317021.0
case1,1903.45,4017.6,97.3668,317020.0
case1,1903.5,4019.05,97.3947,317019.0
case1,1903.55,4020.43,97.4248,317017.0
case1,1903.6,4021.75,97.4569,317016.0
case1,1903.65,4023.01,97.491,317015.0
case1,1903.7,4024.19,97.527,317013.0
case1,1903.75,4025.29,97.5647,317011.0
case1,1903.8,4026.32,97.6041,317010.0
case1,1903.85,4027.27,97.6449,317008.0
case1,1903.9,4028.13,97.6872,317007.0
case1,1903.95,4028.91,97.7308,317005.0
case1,1904.0,4029.59,97.7755,317003.0
case1,1904.05,4030.19,97.8212,317002.0
case1,1904.1,4030.69,97.8677,317000.0
case1,1904.15,4031.09,97.915,316998.0
case1,1904.2,4031.4,97.9628,316997.0
case1,1904.25,4031.62,98.0111,316995.0
case1,1904.3,4031.73,98.0596,316993.0
case1,1904.35,4031.75,98.1083,316991.0
case1,1904.4,4031.67,98.1569,316990.0
case1,1904.45,4031.49,98.2054,316988.0
case1,1904.5,4031.21,98.2535,316986.0
case1,1904.55,4030.84,98.3012,316985.0
case1,1904.6,4030.37,98.3482,316983.0
case1,1904.65,4029.81,98.3945,316981.0
case1,1904.7,4029.16,98.4398,316980.0
case1,1904.75,4028.41,98.4841,316978.0
case1,1904.8,4027.58,98.5272,316977.0
case1,1904.85,4026.67,98.569,316975.0
case1,1904.9,4025.67,98.6093,316974.0
case1,1904.95,4024.6,98.6481,316972.0
case1,1905.0,4023.45,98.6852,316971.0
case1,1905.05,4022.23,98.7204,316970.0
case1,1905.1,4020.94,98.7537,316969.0
case1,1905.15,4019.59,98.785,316967.0
case1,1905.2,4018.18,98.8142,316966.0
case1,1905.25,4016.72,98.8411,316965.0
case1,1905.3,4015.2,98.8658,316964.0
case1,1905.35,4013.64,98.8881,316963.0
case1,1905.4,4012.04,98.9079,316962.0
case1,1905.45,4010.41,98.9253,316961.0
case1,1905.5,4008.74,98.9401,316961.0
case1,1905.55,4007.05,98.9523,316960.0
case1,1905.6,4005.34,98.9619,316959.0
case1,1905.65,4003.62,98.9688,316959.0
case1,1905.7,4001.89,98.9731,316958.0
case1,1905.75,4000.15,98.9746,316958.0
case1,1905.8,3998.44,98.9735,316958.0
case1,1905.85,3996.77,98.9698,316957.0
case1,1905.9,3995.15,98.9636,316957.0
case1,1905.95,3993.6,98.9548,316957.0
case1,1906.0,3992.1,98.9438,316957.0
case1,1906.05,3990.66,98.9304,316957.0
case1,1906.1,3989.29,98.9149,316957.0
case1,1906.15,3987.99,98.8974,316957.0
case1,1906.2,3986.76,98.8778,316957.0
case1,1906.25,3985.6,98.8565,316957.0
case1,1906.3,3984.51,98.8334,316957.0
case1,1906.35,3983.5,98.8087,316957.0
case1,1906.4,3982.56,98.7824,316958.0
case1,1906.45,3981.7,98.7549,316958.0
case1,1906.5,3980.92,98.726,316958.0
case1,1906.55,3980.21,98.696,316959.0
case1,1906.6,3979.59,98.665,316959.0
case1,1906.65,3979.04,98.6331,316959.0
case1,1906.7,3978.57,98.6004,316960.0
case1,1906.75,3978.17,98.5671,316960.0
case1,1906.8,3977.85,98.5332,316961.0
case1,1906.85,3977.61,98.4989,316961.0
case1,1906.9,3977.44,98.4643,316961.0
case1,1906.95,3977.34,98.4296,316962.0
case1,1907.0,3977.31,98.3947,316962.0
case1,1907.05,3977.36,98.3598,316963.0
case1,1907.1,3977.46,98.3251,316963.0
case1,1907.15,3977.64,98.2906,316964.0
case1,1907.2,3977.88,98.2564,316964.0
case1,1907.25,3978.17,98.2227,316964.0
case1,1907.3,3978.53,98.1895,316965.0
case1,1907.35,3978.94,98.1568,316965.0
case1,1907.4,3979.4,98.1249,316966.0
case1,1907.45,3979.92,98.0937,316966.0
case1,1907.5,3980.48,98.0633,316966.0
case1,1907.55,3981.08,98.0339,316967.0
case1,1907.6,3981.73,98.0054,316967.0
case1,1907.65,3982.42,97.9779,316967.0
case1,1907.7,3983.14,97.9516,316967.0
case1,1907.75,3983.89,97.9263,316968.0
case1,1907.8,3984.68,97.9023,316968.0
case1,1907.85,3985.49,97.8795,316968.0
case1,1907.9,3986.32,97.8579,316968.0
case1,1907.95,3987.17,97.8376,316968.0
case1,1908.0,3988.05,97.8187,316968.0
case1,1908.05,3988.93,97.8011,316968.0
case1,1908.1,3989.83,97.7849,316968.0
case1,1908.15,3990.73,97.77,316968.0
case1,1908.2,3991.64,97.7566,316968.0
case1,1908.25,3992.56,97.7445,316968.0
case1,1908.3,3993.47,97.7338,316968.0
case1,1908.35,3994.38,97.7245,316967.0
case1,1908.4,3995.28,97.7167,316967.0
case1,1908.45,3996.18,97.7101,316967.0
case1,1908.5,3997.06,97.705,316967.0
case1,1908.55,3997.93,97.7011,316966.0
case1,1908.6,3998.79,97.6986,316966.0
case1,1908.65,3999.63,97.6974,316965.0
case1,1908.7,4000.45,97.6975,316965.0
case1,1908.75,4001.26,97.6988,316965.0
case1,1908.8,4002.08,97.7014,316964.0
case1,1908.85,4002.88,97.7051,316964.0
case1,1908.9,4003.68,97.7102,316963.0
case1,1908.95,4004.46,97.7164,316963.0
case1,1909.0,4005.24,97.7238,316962.0
case1,1909.05,4005.99,97.7324,316961.0
case1,1909.1,4006.72,97.7421,316961.0
case1,1909.15,4007.44,97.7529,316960.0
case1,1909.2,4008.13,97.7648,316959.0
case1,1909.25,4008.79,97.7777,316959.0
case1,1909.3,4009.43,97.7916,316958.0
case1,1909.35,4010.04,97.8065,316957.0
case1,1909.4,4010.62,97.8223,316956.0
case1,1909.45,4011.16,97.839,316956.0
case1,1909.5,4011.67,97.8564,316955.0
case1,1909.55,4012.14,97.8746,316954.0
case1,1909.6,4012.58,97.8936,316953.0
case1,1909.65,4012.98,97.9131,316952.0
case1,1909.7,4013.33,97.9332,316951.0
case1,1909.75,4013.65,97.9539,316951.0
case1,1909.8,4013.92,97.975,316950.0
case1,1909.85,4014.15,97.9965,316949.0
case1,1909.9,4014.34,98.0183,316948.0
case1,1909.95,4014.48,98.0404,316947.0
case1,1910.0,4014.58,98.0627,316946.0
case1,1910.05,4014.63,98.0851,316945.0
case1,1910.1,4014.64,98.1075,316944.0
case1,1910.15,4014.6,98.1299,316944.0
case1,1910.2,4014.52,98.1522,316943.0
case1,1910.25,4014.39,98.1744,316942.0
case1,1910.3,4014.22,98.1964,316941.0
case1,1910.35,4014.0,98.218,316940.0
case1,1910.4,4013.75,98.2393,316939.0
case1,1910.45,4013.45,98.2602,316938.0
case1,1910.5,4013.11,98.2806,316938.0
case1,1910.55,4012.72,98.3004,316937.0
case1,1910.6,4012.3,98.3197,316936.0
case1,1910.65,4011.85,98.3382,316935.0
case1,1910.7,4011.35,98.3561,316935.0
case1,1910.75,4010.83,98.3731,316934.0
case1,1910.8,4010.27,98.3893,316933.0
case1,1910.85,4009.67,98.4047,316933.0
case1,1910.9,4009.05,98.4191,316932.0
case1,1910.95,4008.41,98.4325,316931.0
case1,1911.0,4007.73,98.4449,316931.0
case1,1911.05,4007.04,98.4563,316930.0
case1,1911.1,4006.32,98.4666,316930.0
case1,1911.15,4005.58,98.4757,316929.0
case1,1911.2,4004.83,98.4838,316929.0
case1,1911.25,4004.07,98.4906,316928.0
case1,1911.3,4003.29,98.4963,316928.0
case1,1911.35,4002.5,98.5007,316928.0
case1,1911.4,4001.71,98.504,316927.0
case1,1911.45,4000.91,98.506,316927.0
case1,1911.5,4000.11,98.5068,316927.0
case1,1911.55,3999.32,98.5063,316926.0
case1,1911.6,3998.55,98.5047,316926.0
case1,1911.65,3997.8,98.5019,316926.0
case1,1911.7,3997.08,98.4979,316926.0
case1,1911.75,3996.39,98.4929,316926.0
case1,1911.8,3995.72,98.4868,316926.0
case1,1911.85,3995.09,98.4797,316925.0
case1,1911.9,3994.48,98.4717,316925.0
case1,1911.95,3993.91,98.4628,316925.0
case1,1912.0,3993.37,98.453,316925.0
case1,1912.05,3992.87,98.4424,316925.0
case1,1912.1,3992.4,98.4311,316925.0
case1,1912.15,3991.96,98.419,316925.0
case1,1912.2,3991.56,98.4064,316925.0
case1,1912.25,3991.2,98.3931,316926.0
case1,1912.3,3990.87,98.3793,316926.0
case1,1912.35,3990.58,98.3651,316926.0
case1,1912.4,3990.32,98.3504,316926.0
case1,1912.45,3990.1,98.3353,316926.0
case1,1912.5,3989.91,98.32,316926.0
case1,1912.55,3989.76,98.3043,316926.0
case1,1912.6,3989.65,98.2885,316926.0
case1,1912.65,3989.57,98.2726,316926.0
case1,1912.7,3989.52,98.2565,316927.0
case1,1912.75,3989.5,98.2404,316927.0
case1,1912.8,3989.52,98.2243,316927.0
case1,1912.85,3989.57,98.2082,316927.0
case1,1912.9,3989.65,98.1923,316927.0
case1,1912.95,3989.76,98.1765,316927.0
case1,1913.0,3989.89,98.1609,316927.0
case1,1913.05,3990.06,98.1455,316927.0
case1,1913.1,3990.24,98.1304,316928.0
case1,1913.15,3990.46,98.1156,316928.0
case1,1913.2,3990.7,98.1011,316928.0
case1,1913.25,3990.95,98.0871,316928.0
case1,1913.3,3991.23,98.0734,316928.0
case1,1913.35,3991.53,98.0602,316928.0
case1,1913.4,3991.85,98.0475,316928.0
case1,1913.45,3992.19,98.0353,316928.0
case1,1913.5,3992.53,98.0236,316928.0
case1,1913.55,3992.9,98.0124,316928.0
case1,1913.6,3993.27,98.0018,316928.0
case1,1913.65,3993.66,97.9918,316928.0
case1,1913.7,3994.05,97.9824,316928.0
case1,1913.75,3994.46,97.9736,316928.0
case1,1913.8,3994.87,97.9654,316928.0
case1,1913.85,3995.28,97.9579,316928.0
case1,1913.9,3995.7,97.951,316928.0
case1,1913.95,3996.12,97.9447,316928.0
case1,1914.0,3996.55,97.9391,316927.0
case1,1914.05,3996.97,97.9342,316927.0
case1,1914.1,3997.39,97.9299,316927.0
case1,1914.15,3997.81,97.9262,316927.0
case1,1914.2,3998.22,97.9232,316927.0
case1,1914.25,3998.63,97.9208,316927.0
case1,1914.3,3999.04,97.919,316926.0
case1,1914.35,3999.43,97.9178,316926.0
case1,1914.4,3999.82,97.9172,316926.0
case1,1914.45,4000.2,97.9173,316926.0
case1,1914.5,4000.58,97.9179,316925.0
case1,1914.55,4000.96,97.919,316925.0
case1,1914.6,4001.33,97.9208,316925.0
case1,1914.65,4001.7,97.9231,316925.0
case1,1914.7,4002.06,97.926,316924.0
case1,1914.75,4002.42,97.9294,316924.0
case1,1914.8,4002.77,97.9334,316924.0
case1,1914.85,4003.11,97.9379,316923.0
case1,1914.9,4003.44,97.9429,316923.0
case1,1914.95,4003.76,97.9484,316922.0
case1,1915.0,4004.06,97.9544,316922.0
case1,1915.05,4004.36,97.9608,316922.0
case1,1915.1,4004.64,97.9677,316921.0
case1,1915.15,4004.91,97.975,316921.0
case1,1915.2,4005.16,97.9827,316920.0
case1,1915.25,4005.39,97.9908,316920.0
case1,1915.3,4005.61,97.9992,316919.0
case1,1915.35,4005.81,98.008,316919.0
case1,1915.4,4006.0,98.017,316919.0
case1,1915.45,4006.16,98.0263,316918.0
case1,1915.5,4006.31,98.0359,316918.0
case1,1915.55,4006.43,98.0457,316917.0
case1,1915.6,4006.54,98.0556,316917.0
case1,1915.65,4006.63,98.0657,316916.0
case1,1915.7,4006.69,98.0759,316916.0
case1,1915.75,4006.74,98.0862,316915.0
case1,1915.8,4006.76,98.0965,316915.0
case1,1915.85,4006.76,98.1069,316914.0
case1,1915.9,4006.75,98.1173,316914.0
case1,1915.95,4006.71,98.1276,316914.0
case1,1916.0,4006.65,98.1378,316913.0
case1,1916.05,4006.57,98.148,316913.0
case1,1916.1,4006.47,98.158,316912.0
case1,1916.15,4006.35,98.1678,316912.0
case1,1916.2,4006.22,98.1775,316911.0
case1,1916.25,4006.06,98.1869,316911.0
case1,1916.3,4005.88,98.1961,316910.0
case1,1916.35,4005.69,98.2049,316910.0
case1,1916.4,4005.48,98.2135,316910.0
case1,1916.45,4005.25,98.2218,316909.0
case1,1916.5,4005.01,98.2296,316909.0
case1,1916.55,4004.75,98.2371,316908.0
case1,1916.6,4004.48,98.2442,316908.0
case1,1916.65,4004.19,98.2509,316908.0
case1,1916.7,4003.89,98.2571,316907.0
case1,1916.75,4003.58,98.2628,316907.0
case1,1916.8,4003.26,98.2681,316907.0
case1,1916.85,4002.93,98.2728,316907.0
case1,1916.9,4002.59,98.2771,316906.0
case1,1916.95,4002.24,98.2808,316906.0
case1,1917.0,4001.89,98.284,316906.0
case1,1917.05,4001.53,98.2866,316905.0
case1,1917.1,4001.17,98.2887,316905.0
case1,1917.15,4000.8,98.2902,316905.0
case1,1917.2,4000.43,98.2911,316905.0
case1,1917.25,4000.06,98.2915,316905.0
case1,1917.3,3999.7,98.2913,316905.0
case1,1917.35,3999.34,98.2906,316904.0
case1,1917.4,3999.0,98.2893,316904.0
case1,1917.45,3998.66,98.2875,316904.0
case1,1917.5,3998.34,98.2852,316904.0
case1,1917.55,3998.03,98.2824,316904.0
case1,1917.6,3997.74,98.2792,316904.0
case1,1917.65,3997.46,98.2755,316904.0
case1,1917.7,3997.19,98.2714,316904.0
case1,1917.75,3996.94,98.2669,316904.0
case1,1917.8,3996.71,98.262,316904.0
case1,1917.85,3996.49,98.2568,316904.0
case1,1917.9,3996.29,98.2512,316903.0
case1,1917.95,3996.1,98.2454,316903.0
case1,1918.0,3995.93,98.2393,316903.0
case1,1918.05,3995.78,98.2329,316903.0
case1,1918.1,3995.64,98.2263,316903.0
case1,1918.15,3995.52,98.2195,316903.0
case1,1918.2,3995.42,98.2126,316903.0
case1,1918.25,3995.33,98.2055,316903.0
case1,1918.3,3995.26,98.1983,316903.0
case1,1918.35,3995.21,98.191,316903.0
case1,1918.4,3995.17,98.1836,316903.0
case1,1918.45,3995.15,98.1762,316903.0
case1,1918.5,3995.14,98.1687,316904.0
case1,1918.55,3995.15,98.1613,316904.0
case1,1918.6,3995.17,98.1538,316904.0
case1,1918.65,3995.21,98.1464,316904.0
case1,1918.7,3995.26,98.1391,316904.0
case1,1918.75,3995.32,98.1319,316904.0
case1,1918.8,3995.39,98.1248,316904.0
case1,1918.85,3995.48,98.1178,316904.0
case1,1918.9,3995.58,98.1109,316904.0
case1,1918.95,3995.69,98.1042,316904.0
case1,1919.0,3995.81,98.0977,316904.0
case1,1919.05,3995.94,98.0914,316904.0
case1,1919.1,3996.08,98.0853,316904.0
case1,1919.15,3996.22,98.0794,316904.0
case1,1919.2,3996.38,98.0737,316904.0
case1,1919.25,3996.54,98.0683,316903.0
case1,1919.3,3996.71,98.0631,316903.0
case1,1919.35,3996.88,98.0582,316903.0
case1,1919.4,3997.06,98.0535,316903.0
case1,1919.45,3997.24,98.0492,316903.0
case1,1919.5,3997.43,98.0451,316903.0
case1,1919.55,3997.62,98.0413,316903.0
case1,1919.6,3997.81,98.0378,316903.0
case1,1919.65,3998.01,98.0346,316903.0
case1,1919.7,3998.2,98.0317,316903.0
case1,1919.75,3998.4,98.0291,316903.0
case1,1919.8,3998.59,98.0268,316903.0
case1,1919.85,3998.79,98.0248,316903.0
case1,1919.9,3998.98,98.0231,316902.0
case1,1919.95,3999.17,98.0217,316902.0
case1,1920.0,3999.36,98.0205,316902.0
case1,1920.05,3999.55,98.0197,316902.0
case1,1920.1,3999.73,98.0192,316902.0
case1,1920.15,3999.91,98.0189,316902.0
case1,1920.2,4000.09,98.0189,316902.0
case1,1920.25,4000.27,98.0192,316901.0
case1,1920.3,4000.44,98.0197,316901.0
case1,1920.35,4000.61,98.0205,316901.0
case1,1920.4,4000.78,98.0216,316901.0
case1,1920.45,4000.95,98.0229,316901.0
case1,1920.5,4001.12,98.0245,316901.0
case1,1920.55,4001.28,98.0263,316900.0
case1,1920.6,4001.44,98.0284,316900.0
case1,1920.65,4001.59,98.0307,316900.0
case1,1920.7,4001.74,98.0333,316900.0
case1,1920.75,4001.88,98.0361,316899.0
case1,1920.8,4002.01,98.039,316899.0
case1,1920.85,4002.15,98.0422,316899.0
case1,1920.9,4002.27,98.0456,316899.0
case1,1920.95,4002.39,98.0492,316899.0
case1,1921.0,4002.49,98.0529,316898.0
case1,1921.05,4002.6,98.0568,316898.0
case1,1921.1,4002.69,98.0609,316898.0
case1,1921.15,4002.77,98.065,316898.0
case1,1921.2,4002.85,98.0694,316897.0
case1,1921.25,4002.92,98.0738,316897.0
case1,1921.3,4002.98,98.0783,316897.0
case1,1921.35,4003.03,98.0829,316897.0
case1,1921.4,4003.06,98.0876,316896.0
case1,1921.45,4003.1,98.0923,316896.0
case1,1921.5,4003.12,98.097,316896.0
case1,1921.55,4003.13,98.1018,316896.0
case1,1921.6,4003.13,98.1066,316895.0
case1,1921.65,4003.12,98.1114,316895.0
case1,1921.7,4003.1,98.1162,316895.0
case1,1921.75,4003.08,98.1209,316895.0
case1,1921.8,4003.04,98.1256,316894.0
case1,1921.85,4003.0,98.1303,316894.0
case1,1921.9,4002.94,98.1348,316894.0
case1,1921.95,4002.88,98.1393,316894.0
case1,1922.0,4002.81,98.1436,316893.0
case1,1922.05,4002.72,98.1479,316893.0
case1,1922.1,4002.63,98.152,316893.0
case1,1922.15,4002.54,98.156,316893.0
case1,1922.2,4002.43,98.1598,316893.0
case1,1922.25,4002.32,98.1634,316892.0
case1,1922.3,4002.2,98.1669,316892.0
case1,1922.35,4002.07,98.1702,316892.0
case1,1922.4,4001.94,98.1733,316892.0
case1,1922.45,4001.8,98.1761,316892.0
case1,1922.5,4001.66,98.1788,316891.0
case1,1922.55,4001.51,98.1812,316891.0
case1,1922.6,4001.36,98.1834,316891.0
case1,1922.65,4001.2,98.1854,316891.0
case1,1922.7,4001.04,98.1871,316891.0
case1,1922.75,4000.88,98.1886,316891.0
case1,1922.8,4000.71,98.1898,316890.0
case1,1922.85,4000.54,98.1908,316890.0
case1,1922.9,4000.38,98.1915,316890.0
case1,1922.95,4000.2,98.1919,316890.0
case1,1923.0,4000.03,98.1921,316890.0
case1,1923.05,3999.86,98.192,316890.0
case1,1923.1,3999.7,98.1917,316890.0
case1,1923.15,3999.54,98.1911,316890.0
case1,1923.2,3999.38,98.1903,316890.0
case1,1923.25,3999.24,98.1892,316889.0
case1,1923.3,3999.09,98.1879,316889.0
case1,1923.35,3998.96,98.1864,316889.0
case1,1923.4,3998.83,98.1847,316889.0
case1,1923.45,3998.7,98.1828,316889.0
case1,1923.5,3998.59,98.1808,316889.0
case1,1923.55,3998.48,98.1785,316889.0
case1,1923.6,3998.38,98.1761,316889.0
case1,1923.65,3998.28,98.1735,316889.0
case1,1923.7,3998.2,98.1708,316889.0
case1,1923.75,3998.12,98.168,316889.0
case1,1923.8,3998.05,98.1651,316889.0
case1,1923.85,3997.98,98.162,316889.0
case1,1923.9,3997.93,98.1589,316889.0
case1,1923.95,3997.88,98.1557,316889.0
case1,1924.0,3997.84,98.1524,316889.0
case1,1924.05,3997.81,98.1491,316889.0
case1,1924.1,3997.78,98.1457,316889.0
case1,1924.15,3997.76,98.1423,316889.0
case1,1924.2,3997.75,98.1388,316889.0
case1,1924.25,3997.75,98.1354,316889.0
case1,1924.3,3997.75,98.1319,316889.0
case1,1924.35,3997.76,98.1285,316889.0
case1,1924.4,3997.78,98.1251,316889.0
case1,1924.45,3997.8,98.1217,316889.0
case1,1924.5,3997.83,98.1183,316888.0
case1,1924.55,3997.87,98.115,316888.0
case1,1924.6,3997.91,98.1118,316888.0
case1,1924.65,3997.95,98.1086,316888.0
case1,1924.7,3998.0,98.1055,316888.0
case1,1924.75,3998.06,98.1025,316888.0
case1,1924.8,3998.12,98.0996,316888.0
case1,1924.85,3998.18,98.0967,316888.0
case1,1924.9,3998.25,98.094,316888.0
case1,1924.95,3998.32,98.0914,316888.0
case1,1925.0,3998.4,98.0889,316888.0
case1,1925.05,3998.47,98.0865,316888.0
case1,1925.1,3998.55,98.0842,316888.0
case1,1925.15,3998.64,98.082,316888.0
case1,1925.2,3998.72,98.08,316888.0
case1,1925.25,3998.81,98.0781,316888.0
case1,1925.3,3998.9,98.0763,316888.0
case1,1925.35,3998.99,98.0747,316888.0
case1,1925.4,3999.08,98.0732,316888.0
case1,1925.45,3999.17,98.0719,316888.0
case1,1925.5,3999.26,98.0707,316888.0
case1,1925.55,3999.35,98.0696,316888.0
case1,1925.6,3999.44,98.0687,316887.0
case1,1925.65,3999.53,98.0679,316887.0
case1,1925.7,3999.62,98.0672,316887.0
case1,1925.75,3999.7,98.0667,316887.0
case1,1925.8,3999.79,98.0663,316887.0
case1,1925.85,3999.88,98.0661,316887.0
case1,1925.9,3999.96,98.0659,316887.0
case1,1925.95,4000.04,98.0659,316887.0
case1,1926.0,4000.12,98.0661,316887.0
case1,1926.05,4000.2,98.0663,316887.0
case1,1926.1,4000.28,98.0667,316886.0
case1,1926.15,4000.36,98.0672,316886.0
case1,1926.2,4000.44,98.0678,316886.0
case1,1926.25,4000.52,98.0685,316886.0
case1,1926.3,4000.59,98.0694,316886.0
case1,1926.35,4000.66,98.0703,316886.0
case1,1926.4,4000.73,98.0714,316886.0
case1,1926.45,4000.8,98.0726,316886.0
case1,1926.5,4000.87,98.0739,316886.0
case1,1926.55,4000.93,98.0752,316885.0
case1,1926.6,4000.99,98.0767,316885.0
case1,1926.65,4001.05,98.0783,316885.0
case1,1926.7,4001.1,98.0799,316885.0
case1,1926.75,4001.15,98.0817,316885.0
case1,1926.8,4001.2,98.0835,316885.0
case1,1926.85,4001.24,98.0853,316885.0
case1,1926.9,4001.28,98.0873,316885.0
case1,1926.95,4001.32,98.0893,316884.0
case1,1927.0,4001.35,98.0913,316884.0
case1,1927.05,4001.38,98.0934,316884.0
case1,1927.1,4001.4,98.0955,316884.0
case1,1927.15,4001.42,98.0977,316884.0
case1,1927.2,4001.43,98.0999,316884.0
case1,1927.25,4001.44,98.1021,316884.0
case1,1927.3,4001.45,98.1043,316883.0
case1,1927.35,4001.45,98.1065,316883.0
case1,1927.4,4001.45,98.1087,316883.0
case1,1927.45,4001.44,98.111,316883.0
case1,1927.5,4001.42,98.1131,316883.0
case1,1927.55,4001.41,98.1153,316883.0
case1,1927.6,4001.39,98.1175,316883.0
case1,1927.65,4001.36,98.1196,316882.0
case1,1927.7,4001.33,98.1216,316882.0
case1,1927.75,4001.3,98.1237,316882.0
case1,1927.8,4001.26,98.1256,316882.0
case1,1927.85,4001.22,98.1275,316882.0
case1,1927.9,4001.18,98.1294,316882.0
case1,1927.95,4001.13,98.1311,316882.0
case1,1928.0,4001.08,98.1328,316882.0
case1,1928.05,4001.02,98.1344,316881.0
case1,1928.1,4000.96,98.1359,316881.0
case1,1928.15,4000.9,98.1374,316881.0
case1,1928.2,4000.84,98.1387,316881.0
case1,1928.25,4000.77,98.1399,316881.0
case1,1928.3,4000.7,98.1411,316881.0
case1,1928.35,4000.63,98.1421,316881.0
case1,1928.4,4000.56,98.143,316881.0
case1,1928.45,4000.48,98.1438,316881.0
case1,1928.5,4000.41,98.1445,316881.0
case1,1928.55,4000.33,98.1451,316880.0
case1,1928.6,4000.25,98.1455,316880.0
case1,1928.65,4000.18,98.1458,316880.0
case1,1928.7,4000.1,98.146,316880.0
case1,1928.75,4000.02,98.1461,316880.0
case1,1928.8,3999.94,98.1461,316880.0
case1,1928.85,3999.86,98.1459,316880.0
case1,1928.9,3999.79,98.1457,316880.0
case1,1928.95,3999.72,98.1453,316880.0
case1,1929.0,3999.65,98.1448,316880.0
case1,1929.05,3999.58,98.1442,316880.0
case1,1929.1,3999.52,98.1435,316880.0
case1,1929.15,3999.46,98.1427,316880.0
case1,1929.2,3999.4,98.1419,316880.0
case1,1929.25,3999.35,98.1409,316880.0
case1,1929.3,3999.3,98.1399,316880.0
case1,1929.35,3999.25,98.1387,316879.0
case1,1929.4,3999.21,98.1376,316879.0
case1,1929.45,3999.17,98.1363,316879.0
case1,1929.5,3999.13,98.135,316879.0
case1,1929.55,3999.1,98.1336,316879.0
case1,1929.6,3999.07,98.1322,316879.0
case1,1929.65,3999.04,98.1308,316879.0
case1,1929.7,3999.02,98.1293,316879.0
case1,1929.75,3999.0,98.1278,316879.0
case1,1929.8,3998.99,98.1262,316879.0
case1,1929.85,3998.97,98.1247,316879.0
case1,1929.9,3998.97,98.1231,316879.0
case1,1929.95,3998.96,98.1215,316879.0
case1,1930.0,3998.96,98.1199,316879.0
case1,1930.05,3998.96,98.1183,316879.0
case1,1930.1,3998.96,98.1167,316879.0
case1,1930.15,3998.97,98.1151,316879.0
case1,1930.2,3998.98,98.1136,316879.0
case1,1930.25,3999.0,98.112,316879.0
case1,1930.3,3999.01,98.1105,316879.0
case1,1930.35,3999.03,98.109,316879.0
case1,1930.4,3999.05,98.1075,316879.0
case1,1930.45,3999.07,98.1061,316879.0
case1,1930.5,3999.1,98.1047,316879.0
case1,1930.55,3999.13,98.1033,316879.0
case1,1930.6,3999.16,98.102,316879.0
case1,1930.65,3999.19,98.1007,316879.0
case1,1930.7,3999.22,98.0995,316879.0
case1,1930.75,3999.26,98.0983,316879.0
case1,1930.8,3999.29,98.0972,316879.0
case1,1930.85,3999.33,98.0962,316879.0
case1,1930.9,3999.37,98.0952,316878.0
case1,1930.95,3999.41,98.0942,316878.0
case1,1931.0,3999.45,98.0934,316878.0
case1,1931.05,3999.49,98.0925,316878.0
case1,1931.1,3999.53,98.0918,316878.0
case1,1931.15,3999.57,98.0911,316878.0
case1,1931.2,3999.61,98.0905,316878.0
case1,1931.25,3999.65,98.0899,316878.0
case1,1931.3,3999.7,98.0894,316878.0
case1,1931.35,3999.74,98.089,316878.0
case1,1931.4,3999.78,98.0886,316878.0
case1,1931.45,3999.82,98.0883,316878.0
case1,1931.5,3999.86,98.0881,316878.0
case1,1931.55,3999.9,98.0879,316878.0
case1,1931.6,3999.94,98.0878,316878.0
case1,1931.65,3999.98,98.0877,316878.0
case1,1931.7,4000.02,98.0877,316878.0
case1,1931.75,4000.06,98.0878,316878.0
case1,1931.8,4000.09,98.0879,316878.0
case1,1931.85,4000.13,98.088,316877.0
case1,1931.9,4000.17,98.0883,316877.0
case1,1931.95,4000.2,98.0886,316877.0
case1,1932.0,4000.24,98.0889,316877.0
case1,1932.05,4000.27,98.0893,316877.0
case1,1932.1,4000.31,98.0897,316877.0
case1,1932.15,4000.34,98.0902,316877.0
case1,1932.2,4000.37,98.0908,316877.0
case1,1932.25,4000.4,98.0914,316877.0
case1,1932.3,4000.43,98.092,316877.0
case1,1932.35,4000.46,98.0927,316877.0
case1,1932.4,4000.49,98.0934,316877.0
case1,1932.45,4000.51,98.0942,316877.0
case1,1932.5,4000.53,98.095,316877.0
case1,1932.55,4000.56,98.0958,316876.0
case1,1932.6,4000.58,98.0967,316876.0
case1,1932.65,4000.59,98.0976,316876.0
case1,1932.7,4000.61,98.0985,316876.0
case1,1932.75,4000.62,98.0994,316876.0
case1,1932.8,4000.64,98.1004,316876.0
case1,1932.85,4000.65,98.1014,316876.0
case1,1932.9,4000.66,98.1024,316876.0
case1,1932.95,4000.66,98.1034,316876.0
case1,1933.0,4000.67,98.1044,316876.0
case1,1933.05,4000.67,98.1054,316876.0
case1,1933.1,4000.67,98.1065,316876.0
case1,1933.15,4000.67,98.1075,316876.0
case1,1933.2,4000.67,98.1085,316875.0
case1,1933.25,4000.66,98.1095,316875.0
case1,1933.3,4000.65,98.1105,316875.0
case1,1933.35,4000.64,98.1115,316875.0
case1,1933.4,4000.63,98.1125,316875.0
case1,1933.45,4000.62,98.1135,316875.0
case1,1933.5,4000.6,98.1144,316875.0
case1,1933.55,4000.58,98.1153,316875.0
case1,1933.6,4000.57,98.1162,316875.0
case1,1933.65,4000.54,98.1171,316875.0
case1,1933.7,4000.52,98.1179,316875.0
case1,1933.75,4000.5,98.1187,316875.0
case1,1933.8,4000.47,98.1194,316875.0
case1,1933.85,4000.45,98.1201,316875.0
case1,1933.9,4000.42,98.1208,316874.0
case1,1933.95,4000.39,98.1214,316874.0
case1,1934.0,4000.36,98.122,316874.0
case1,1934.05,4000.33,98.1225,316874.0
case1,1934.1,4000.29,98.123,316874.0
case1,1934.15,4000.26,98.1234,316874.0
case1,1934.2,4000.22,98.1237,316874.0
case1,1934.25,4000.19,98.1241,316874.0
case1,1934.3,4000.15,98.1243,316874.0
case1,1934.35,4000.12,98.1245,316874.0
case1,1934.4,4000.08,98.1247,316874.0
case1,1934.45,4000.05,98.1248,316874.0
case1,1934.5,4000.01,98.1248,316874.0
case1,1934.55,3999.97,98.1248,316874.0
case1,1934.6,3999.94,98.1247,316874.0
case1,1934.65,3999.9,98.1246,316874.0
case1,1934.7,3999.87,98.1244,316874.0
case1,1934.75,3999.84,98.1242,316874.0
case1,1934.8,3999.81,98.1239,316874.0
case1,1934.85,3999.78,98.1236,316874.0
case1,1934.9,3999.75,98.1233,316873.0
case1,1934.95,3999.72,98.1229,316873.0
case1,1935.0,3999.7,98.1224,316873.0
case1,1935.05,3999.67,98.1219,316873.0
case1,1935.1,3999.65,98.1214,316873.0
case1,1935.15,3999.63,98.1209,316873.0
case1,1935.2,3999.61,98.1203,316873.0
case1,1935.25,3999.6,98.1197,316873.0
case1,1935.3,3999.58,98.1191,316873.0
case1,1935.35,3999.57,98.1184,316873.0
case1,1935.4,3999.56,98.1177,316873.0
case1,1935.45,3999.55,98.1171,316873.0
case1,1935.5,3999.54,98.1164,316873.0
case1,1935.55,3999.53,98.1156,316873.0
case1,1935.6,3999.52,98.1149,316873.0
case1,1935.65,3999.52,98.1142,316873.0
case1,1935.7,3999.52,98.1134,316873.0
case1,1935.75,3999.52,98.1127,316873.0
case1,1935.8,3999.52,98.112,316873.0
case1,1935.85,3999.52,98.1112,316873.0
case1,1935.9,3999.52,98.1105,316873.0
case1,1935.95,3999.53,98.1098,316873.0
case1,1936.0,3999.53,98.109,316873.0
case1,1936.05,3999.54,98.1083,316873.0
case1,1936.1,3999.55,98.1076,316873.0
case1,1936.15,3999.56,98.107,316873.0
case1,1936.2,3999.57,98.1063,316873.0
case1,1936.25,3999.58,98.1056,316873.0
case1,1936.3,3999.6,98.105,316873.0
case1,1936.35,3999.61,98.1044,316873.0
case1,1936.4,3999.62,98.1038,316873.0
case1,1936.45,3999.64,98.1033,316873.0
case1,1936.5,3999.66,98.1027,316873.0
case1,1936.55,3999.67,98.1022,316873.0
case1,1936.6,3999.69,98.1017,316873.0
case1,1936.65,3999.71,98.1012,316873.0
case1,1936.7,3999.73,98.1008,316873.0
case1,1936.75,3999.74,98.1004,316872.0
case1,1936.8,3999.76,98.1,316872.0
case1,1936.85,3999.78,98.0997,316872.0
case1,1936.9,3999.8,98.0994,316872.0
case1,1936.95,3999.82,98.0991,316872.0
case1,1937.0,3999.84,98.0988,316872.0
case1,1937.05,3999.86,98.0986,316872.0
case1,1937.1,3999.88,98.0984,316872.0
case1,1937.15,3999.9,98.0982,316872.0
case1,1937.2,3999.92,98.0981,316872.0
case1,1937.25,3999.94,98.0979,316872.0
case1,1937.3,3999.95,98.0979,316872.0
case1,1937.35,3999.97,98.0978,316872.0
case1,1937.4,3999.99,98.0978,316872.0
case1,1937.45,4000.01,98.0978,316872.0
case1,1937.5,4000.03,98.0978,316872.0
case1,1937.55,4000.04,98.0979,316872.0
case1,1937.6,4000.06,98.0979,316872.0
case1,1937.65,4000.08,98.098,316872.0
case1,1937.7,4000.09,98.0982,316872.0
case1,1937.75,4000.11,98.0983,316872.0
case1,1937.8,4000.13,98.0985,316872.0
case1,1937.85,4000.14,98.0987,316872.0
case1,1937.9,4000.16,98.0989,316872.0
case1,1937.95,4000.17,98.0992,316872.0
case1,1938.0,4000.19,98.0995,316872.0
case1,1938.05,4000.2,98.0998,316872.0
case1,1938.1,4000.21,98.1001,316871.0
case1,1938.15,4000.22,98.1004,316871.0
case1,1938.2,4000.24,98.1008,316871.0
case1,1938.25,4000.25,98.1011,316871.0
case1,1938.3,4000.26,98.1015,316871.0
case1,1938.35,4000.27,98.1019,316871.0
case1,1938.4,4000.27,98.1023,316871.0
case1,1938.45,4000.28,98.1028,316871.0
case1,1938.5,4000.29,98.1032,316871.0
case1,1938.55,4000.29,98.1036,316871.0
case1,1938.6,4000.3,98.1041,316871.0
case1,1938.65,4000.3,98.1046,316871.0
case1,1938.7,4000.31,98.105,316871.0
case1,1938.75,4000.31,98.1055,316871.0
case1,1938.8,4000.31,98.106,316871.0
case1,1938.85,4000.31,98.1065,316871.0
case1,1938.9,4000.31,98.1069,316871.0
case1,1938.95,4000.31,98.1074,316871.0
case1,1939.0,4000.31,98.1079,316871.0
case1,1939.05,4000.3,98.1083,316871.0
case1,1939.1,4000.3,98.1088,316871.0
case1,1939.15,4000.29,98.1093,316871.0
case1,1939.2,4000.29,98.1097,316870.0
case1,1939.25,4000.28,98.1101,316870.0
case1,1939.3,4000.27,98.1106,316870.0
case1,1939.35,4000.26,98.111,316870.0
case1,1939.4,4000.25,98.1114,316870.0
case1,1939.45,4000.24,98.1117,316870.0
case1,1939.5,4000.23,98.1121,316870.0
case1,1939.55,4000.22,98.1124,316870.0
case1,1939.6,4000.21,98.1128,316870.0
case1,1939.65,4000.19,98.1131,316870.0
case1,1939.7,4000.18,98.1134,316870.0
case1,1939.75,4000.17,98.1136,316870.0
case1,1939.8,4000.15,98.1139,316870.0
case1,1939.85,4000.14,98.1141,316870.0
case1,1939.9,4000.12,98.1143,316870.0
case1,1939.95,4000.1,98.1145,316870.0
case1,1940.0,4000.09,98.1146,316870.0
case1,1940.05,4000.07,98.1147,316870.0
case1,1940.1,4000.06,98.1148,316870.0
case1,1940.15,4000.04,98.1149,316870.0
case1,1940.2,4000.02,98.1149,316870.0
case1,1940.25,4000.0,98.115,316870.0
case1,1940.3,3999.99,98.115,316870.0
case1,1940.35,3999.97,98.1149,316870.0
case1,1940.4,3999.96,98.1149,316870.0
case1,1940.45,3999.94,98.1148,316870.0
case1,1940.5,3999.93,98.1147,316870.0
case1,1940.55,3999.91,98.1146,316870.0
case1,1940.6,3999.9,98.1144,316870.0
case1,1940.65,3999.88,98.1142,316870.0
case1,1940.7,3999.87,98.1141,316869.0
case1,1940.75,3999.86,98.1139,316869.0
case1,1940.8,3999.85,98.1136,316869.0
case1,1940.85,3999.84,98.1134,316869.0
case1,1940.9,3999.83,98.1131,316869.0
case1,1940.95,3999.82,98.1129,316869.0
case1,1941.0,3999.81,98.1126,316869.0
case1,1941.05,3999.81,98.1123,316869.0
case1,1941.1,3999.8,98.112,316869.0
case1,1941.15,3999.79,98.1117,316869.0
case1,1941.2,3999.79,98.1114,316869.0
case1,1941.25,3999.79,98.111,316869.0
case1,1941.3,3999.78,98.1107,316869.0
case1,1941.35,3999.78,98.1104,316869.0
case1,1941.4,3999.78,98.11,316869.0
case1,1941.45,3999.78,98.1097,316869.0
case1,1941.5,3999.78,98.1094,316869.0
case1,1941.55,3999.78,98.109,316869.0
case1,1941.6,3999.78,98.1087,316869.0
case1,1941.65,3999.78,98.1083,316869.0
case1,1941.7,3999.78,98.108,316869.0
case1,1941.75,3999.78,98.1077,316869.0
case1,1941.8,3999.79,98.1073,316869.0
case1,1941.85,3999.79,98.107,316869.0
case1,1941.9,3999.8,98.1067,316869.0
case1,1941.95,3999.8,98.1064,316869.0
case1,1942.0,3999.81,98.1061,316869.0
case1,1942.05,3999.81,98.1058,316869.0
case1,1942.1,3999.82,98.1055,316869.0
case1,1942.15,3999.83,98.1052,316869.0
case1,1942.2,3999.83,98.105,316869.0
case1,1942.25,3999.84,98.1047,316869.0
case1,1942.3,3999.85,98.1045,316869.0
case1,1942.35,3999.86,98.1043,316869.0
case1,1942.4,3999.86,98.104,316869.0
case1,1942.45,3999.87,98.1038,316869.0
case1,1942.5,3999.88,98.1037,316869.0
case1,1942.55,3999.89,98.1035,316869.0
case1,1942.6,3999.9,98.1033,316869.0
case1,1942.65,3999.91,98.1032,316869.0
case1,1942.7,3999.92,98.103,316869.0
case1,1942.75,3999.93,98.1029,316869.0
case1,1942.8,3999.93,98.1028,316869.0
case1,1942.85,3999.94,98.1027,316869.0
case1,1942.9,3999.95,98.1026,316869.0
case1,1942.95,3999.96,98.1026,316869.0
case1,1943.0,3999.97,98.1025,316869.0
case1,1943.05,3999.98,98.1025,316869.0
case1,1943.1,3999.99,98.1024,316869.0
case1,1943.15,4000.0,98.1024,316869.0
case1,1943.2,4000.0,98.1024,316868.0
case1,1943.25,4000.01,98.1024,316868.0
case1,1943.3,4000.02,98.1025,316868.0
case1,1943.35,4000.03,98.1025,316868.0
case1,1943.4,4000.04,98.1026,316868.0
case1,1943.45,4000.04,98.1026,316868.0
case1,1943.5,4000.05,98.1027,316868.0
case1,1943.55,4000.06,98.1028,316868.0
case1,1943.6,4000.07,98.1029,316868.0
case1,1943.65,4000.07,98.103,316868.0
case1,1943.7,4000.08,98.1031,316868.0
case1,1943.75,4000.09,98.1032,316868.0
case1,1943.8,4000.09,98.1033,316868.0
case1,1943.85,4000.1,98.1035,316868.0
case1,1943.9,4000.1,98.1037,316868.0
case1,1943.95,4000.11,98.1038,316868.0
case1,1944.0,4000.11,98.104,316868.0
case1,1944.05,4000.12,98.1042,316868.0
case1,1944.1,4000.12,98.1043,316868.0
case1,1944.15,4000.13,98.1045,316868.0
case1,1944.2,4000.13,98.1047,316868.0
case1,1944.25,4000.13,98.1049,316868.0
case1,1944.3,4000.14,98.1051,316868.0
case1,1944.35,4000.14,98.1054,316868.0
case1,1944.4,4000.14,98.1056,316868.0
case1,1944.45,4000.14,98.1058,316868.0
case1,1944.5,4000.14,98.106,316868.0
case1,1944.55,4000.14,98.1062,316868.0
case1,1944.6,4000.14,98.1064,316868.0
case1,1944.65,4000.14,98.1067,316868.0
case1,1944.7,4000.14,98.1069,316868.0
case1,1944.75,4000.14,98.1071,316868.0
case1,1944.8,4000.14,98.1073,316868.0
case1,1944.85,4000.14,98.1075,316868.0
case1,1944.9,4000.14,98.1077,316868.0
case1,1944.95,4000.13,98.1079,316868.0
case1,1945.0,4000.13,98.1082,316868.0
case1,1945.05,4000.13,98.1083,316868.0
case1,1945.1,4000.12,98.1085,316868.0
case1,1945.15,4000.12,98.1087,316867.0
case1,1945.2,4000.11,98.1089,316867.0
case1,1945.25,4000.11,98.1091,316867.0
case1,1945.3,4000.1,98.1092,316867.0
case1,1945.35,4000.1,98.1094,316867.0
case1,1945.4,4000.09,98.1095,316867.0
case1,1945.45,4000.08,98.1096,316867.0
case1,1945.5,4000.08,98.1098,316867.0
case1,1945.55,4000.07,98.1099,316867.0
case1,1945.6,4000.06,98.11,316867.0
case1,1945.65,4000.06,98.1101,316867.0
case1,1945.7,4000.05,98.1102,316867.0
case1,1945.75,4000.04,98.1102,316867.0
case1,1945.8,4000.03,98.1103,316867.0
case1,1945.85,4000.03,98.1103,316867.0
case1,1945.9,4000.02,98.1104,316867.0
case1,1945.95,4000.01,98.1104,316867.0
case1,1946.0,4000.0,98.1104,316867.0
case1,1946.05,3999.99,98.1104,316867.0
case1,1946.1,3999.99,98.1104,316867.0
case1,1946.15,3999.98,98.1103,316867.0
case1,1946.2,3999.97,98.1103,316867.0
case1,1946.25,3999.97,98.1103,316867.0
case1,1946.3,3999.96,98.1102,316867.0
case1,1946.35,3999.95,98.1101,316867.0
case1,1946.4,3999.95,98.1101,316867.0
case1,1946.45,3999.94,98.11,316867.0
case1,1946.5,3999.94,98.1099,316867.0
case1,1946.55,3999.93,98.1098,316867.0
case1,1946.6,3999.93,98.1097,316867.0
case1,1946.65,3999.92,98.1095,316867.0
case1,1946.7,3999.92,98.1094,316867.0
case1,1946.75,3999.91,98.1093,316867.0
case1,1946.8,3999.91,98.1092,316867.0
case1,1946.85,3999.91,98.109,316867.0
case1,1946.9,3999.9,98.1089,316867.0
case1,1946.95,3999.9,98.1087,316867.0
case1,1947.0,3999.9,98.1086,316867.0
case1,1947.05,3999.9,98.1084,316867.0
case1,1947.1,3999.9,98.1083,316867.0
case1,1947.15,3999.9,98.1081,316867.0
case1,1947.2,3999.9,98.108,316867.0
case1,1947.25,3999.9,98.1078,316867.0
case1,1947.3,3999.9,98.1076,316867.0
case1,1947.35,3999.9,98.1075,316867.0
case1,1947.4,3999.9,98.1073,316867.0
case1,1947.45,3999.9,98.1072,316867.0
case1,1947.5,3999.9,98.107,316867.0
case1,1947.55,3999.9,98.1069,316867.0
case1,1947.6,3999.9,98.1067,316867.0
case1,1947.65,3999.91,98.1066,316867.0
case1,1947.7,3999.91,98.1064,316867.0
case1,1947.75,3999.91,98.1063,316867.0
case1,1947.8,3999.91,98.1061,316867.0
case1,1947.85,3999.92,98.106,316867.0
case1,1947.9,3999.92,98.1059,316867.0
case1,1947.95,3999.92,98.1058,316867.0
case1,1948.0,3999.93,98.1057,316867.0
case1,1948.05,3999.93,98.1055,316867.0
case1,1948.1,3999.93,98.1054,316867.0
case1,1948.15,3999.94,98.1053,316867.0
case1,1948.2,3999.94,98.1052,316866.0
case1,1948.25,3999.94,98.1052,316866.0
case1,1948.3,3999.95,98.1051,316866.0
case1,1948.35,3999.95,98.105,316866.0
case1,1948.4,3999.96,98.1049,316866.0
case1,1948.45,3999.96,98.1049,316866.0
case1,1948.5,3999.97,98.1048,316866.0
case1,1948.55,3999.97,98.1048,316866.0
case1,1948.6,3999.97,98.1047,316866.0
case1,1948.65,3999.98,98.1047,316866.0
case1,1948.7,3999.98,98.1047,316866.0
case1,1948.75,3999.99,98.1046,316866.0
case1,1948.8,3999.99,98.1046,316866.0
case1,1948.85,3999.99,98.1046,316866.0
case1,1948.9,4000.0,98.1046,316866.0
case1,1948.95,4000.0,98.1046,316866.0
case1,1949.0,4000.01,98.1046,316866.0
case1,1949.05,4000.01,98.1046,316866.0
case1,1949.1,4000.01,98.1046,316866.0
case1,1949.15,4000.02,98.1046,316866.0
case1,1949.2,4000.02,98.1047,316866.0
case1,1949.25,4000.02,98.1047,316866.0
case1,1949.3,4000.03,98.1047,316866.0
case1,1949.35,4000.03,98.1048,316866.0
case1,1949.4,4000.03,98.1048,316866.0
case1,1949.45,4000.04,98.1049,316866.0
case1,1949.5,4000.04,98.1049,316866.0
case1,1949.55,4000.04,98.105,316866.0
case1,1949.6,4000.05,98.1051,316866.0
case1,1949.65,4000.05,98.1051,316866.0
case1,1949.7,4000.05,98.1052,316866.0
case1,1949.75,4000.05,98.1053,316866.0
case1,1949.8,4000.05,98.1054,316866.0
case1,1949.85,4000.06,98.1055,316866.0
case1,1949.9,4000.06,98.1056,316866.0
case1,1949.95,4000.06,98.1057,316866.0
case1,1950.0,4000.06,98.1057,316866.0
case2,1900.0,4000.0,100.0,317000.0
case2,1900.05,4096.01,100.075,317048.0
case2,1900.1,4194.03,100.301,317094.0
case2,1900.15,4293.94,100.684,317137.0
case2,1900.2,4395.59,101.227,317177.0
case2,1900.25,4498.79,101.937,317214.0
case2,1900.3,4603.36,102.818,317249.0
case2,1900.35,4709.05,103.877,317281.0
case2,1900.4,4815.63,105.122,317310.0
case2,1900.45,4923.75,106.513,317336.0
case2,1900.5,5033.76,108.034,317360.0
case2,1900.55,5145.52,109.69,317381.0
case2,1900.6,5258.85,111.489,317399.0
case2,1900.65,5373.56,113.438,317413.0
case2,1900.7,5489.43,115.547,317425.0
case2,1900.75,5606.22,117.823,317434.0
case2,1900.8,5723.67,120.228,317440.0
case2,1900.85,5841.58,122.726,317444.0
case2,1900.9,5959.77,125.323,317444.0
case2,1900.95,6078.01,128.022,317441.0
case2,1901.0,6196.07,130.828,317435.0
case2,1901.05,6313.71,133.744,317426.0
case2,1901.1,6430.66,136.775,317415.0
case2,1901.15,6547.41,139.907,317400.0
case2,1901.2,6664.02,143.136,317383.0
case2,1901.25,6780.27,146.467,317363.0
case2,1901.3,6895.95,149.902,317340.0
case2,1901.35,7010.81,153.446,317314.0
case2,1901.4,7124.61,157.101,317286.0
case2,1901.45,7237.09,160.872,317255.0
case2,1901.5,7347.95,164.762,317221.0
case2,1901.55,7456.91,168.775,317184.0
case2,1901.6,7563.63,172.916,317145.0
case2,1901.65,7667.79,177.186,317104.0
case2,1901.7,7769.03,181.592,317060.0
case2,1901.75,7866.98,186.136,317014.0
case2,1901.8,7961.26,190.822,316965.0
case2,1901.85,8051.65,195.651,316915.0
case2,1901.9,8138.57,200.603,316862.0
case2,1901.95,8221.79,205.682,316808.0
case2,1902.0,8300.94,210.888,316752.0
case2,1902.05,8375.61,216.227,316694.0
case2,1902.1,8445.41,221.7,316634.0
case2,1902.15,8509.89,227.313,316574.0
case2,1902.2,8568.59,233.067,316511.0
case2,1902.25,8621.03,238.967,316448.0
case2,1902.3,8666.69,245.016,316384.0
case2,1902.35,8705.02,251.219,316319.0
case2,1902.4,8735.47,257.578,316253.0
case2,1902.45,8757.42,264.099,316187.0
case2,1902.5,8770.24,270.784,316121.0
case2,1902.55,8773.26,277.639,316054.0
case2,1902.6,8765.76,284.667,315989.0
case2,1902.65,8747.01,291.873,315923.0
case2,1902.7,8716.2,299.262,315859.0
case2,1902.75,8672.52,306.838,315796.0
case2,1902.8,8615.08,314.605,315734.0
case2,1902.85,8542.96,322.569,315674.0
case2,1902.9,8455.18,330.735,315616.0
case2,1902.95,8350.7,339.107,315561.0
case2,1903.0,8228.45,347.692,315510.0
case2,1903.05,8087.26,356.493,315461.0
case2,1903.1,7926.27,365.509,315417.0
case2,1903.15,7747.35,374.667,315377.0
case2,1903.2,7550.69,383.943,315341.0
case2,1903.25,7335.93,393.321,315311.0
case2,1903.3,7102.78,402.788,315287.0
case2,1903.35,6850.97,412.327,315269.0
case2,1903.4,6580.31,421.919,315258.0
case2,1903.45,6291.1,431.534,315253.0
case2,1903.5,5989.52,440.997,315256.0
case2,1903.55,5678.06,450.237,315267.0
case2,1903.6,5357.82,458.984,315285.0
case2,1903.65,5030.7,466.483,315311.0
case2,1903.7,4699.48,472.615,315346.0
case2,1903.75,4381.09,476.607,315389.0
case2,1903.8,4081.78,478.315,315439.0
case2,1903.85,3806.53,477.868,315496.0
case2,1903.9,3566.26,475.5,315559.0
case2,1903.95,3357.91,471.491,315628.0
case2,1904.0,3178.11,466.103,315701.0
case2,1904.05,3026.35,459.876,315778.0
case2,1904.1,2899.87,453.143,315858.0
case2,1904.15,2794.67,446.026,315941.0
case2,1904.2,2707.35,438.626,316026.0
case2,1904.25,2635.09,431.028,316112.0
case2,1904.3,2575.52,423.301,316200.0
case2,1904.35,2526.66,415.502,316289.0
case2,1904.4,2486.86,407.678,316378.0
case2,1904.45,2454.75,399.868,316468.0
case2,1904.5,2429.2,392.101,316559.0
case2,1904.55,2409.24,384.404,316649.0
case2,1904.6,2393.98,376.799,316740.0
case2,1904.65,2382.15,369.324,316831.0
case2,1904.7,2373.33,361.985,316921.0
case2,1904.75,2367.32,354.784,317012.0
case2,1904.8,2363.93,347.722,317102.0
case2,1904.85,2363.01,340.797,317191.0
case2,1904.9,2364.42,334.011,317281.0
case2,1904.95,2368.04,327.362,317370.0
case2,1905.0,2373.75,320.851,317458.0
case2,1905.05,2381.46,314.475,317546.0
case2,1905.1,2391.09,308.235,317634.0
case2,1905.15,2402.56,302.128,317720.0
case2,1905.2,2415.33,296.171,317807.0
case2,1905.25,2429.12,290.366,317892.0
case2,1905.3,2443.86,284.714,317977.0
case2,1905.35,2459.51,279.211,318061.0
case2,1905.4,2476.02,273.856,318144.0
case2,1905.45,2493.34,268.647,318226.0
case2,1905.5,2511.45,263.58,318308.0
case2,1905.55,2530.31,258.653,318389.0
case2,1905.6,2549.91,253.865,318469.0
case2,1905.65,2570.22,249.212,318548.0
case2,1905.7,2591.22,244.691,318627.0
case2,1905.75,2612.9,240.301,318705.0
case2,1905.8,2635.25,236.038,318781.0
case2,1905.85,2658.26,231.899,318857.0
case2,1905.9,2681.91,227.884,318932.0
case2,1905.95,2706.21,223.988,319006.0
case2,1906.0,2731.14,220.21,319079.0
case2,1906.05,2756.7,216.546,319151.0
case2,1906.1,2782.88,212.995,319223.0
case2,1906.15,2809.69,209.555,319293.0
case2,1906.2,2837.1,206.222,319362.0
case2,1906.25,2865.13,202.995,319431.0
case2,1906.3,2893.77,199.872,319498.0
case2,1906.35,2923.01,196.85,319564.0
case2,1906.4,2952.84,193.928,319630.0
case2,1906.45,2983.28,191.103,319694.0
case2,1906.5,3014.3,188.373,319757.0
case2,1906.55,3045.91,185.737,319820.0
case2,1906.6,3078.11,183.193,319881.0
case2,1906.65,3110.87,180.738,319941.0
case2,1906.7,3144.21,178.372,320000.0
case2,1906.75,3178.11,176.092,320058.0
case2,1906.8,3212.58,173.899,320115.0
case2,1906.85,3247.88,171.819,320171.0
case2,1906.9,3284.05,169.86,320226.0
case2,1906.95,3321.03,168.018,320279.0
case2,1907.0,3358.78,166.294,320331.0
case2,1907.05,3397.87,163.048,320383.0
case2,1907.1,3438.89,159.964,320433.0
case2,1907.15,3481.76,157.043,320481.0
case2,1907.2,3526.44,154.28,320529.0
case2,1907.25,3572.87,151.673,320575.0
case2,1907.3,3621.0,149.221,320620.0
case2,1907.35,3670.76,146.92,320663.0
case2,1907.4,3722.1,144.77,320705.0
case2,1907.45,3774.95,142.767,320745.0
case2,1907.5,3829.26,140.91,320784.0
case2,1907.55,3884.95,139.196,320822.0
case2,1907.6,3941.95,137.625,320857.0
case2,1907.65,4000.18,136.194,320892.0
case2,1907.7,4060.08,134.902,320924.0
case2,1907.75,4122.05,133.749,320955.0
case2,1907.8,4186.01,132.737,320985.0
case2,1907.85,4251.89,131.866,321012.0
case2,1907.9,4319.58,131.138,321038.0
case2,1907.95,4388.97,130.553,321062.0
case2,1908.0,4459.95,130.114,321084.0
case2,1908.05,4532.39,129.821,321104.0
case2,1908.1,4606.15,129.678,321122.0
case2,1908.15,4681.09,129.685,321139.0
case2,1908.2,4757.04,129.845,321153.0
case2,1908.25,4833.94,130.154,321166.0
case2,1908.3,4912.58,130.569,321176.0
case2,1908.35,4993.11,131.084,321184.0
case2,1908.4,5075.42,131.7,321191.0
case2,1908.45,5159.43,132.423,321195.0
case2,1908.5,5245.04,133.256,321197.0
case2,1908.55,5332.13,134.203,321197.0
case2,1908.6,5420.58,135.267,321195.0
case2,1908.65,5510.23,136.454,321190.0
case2,1908.7,5600.93,137.768,321184.0
case2,1908.75,5692.52,139.173,321175.0
case2,1908.8,5784.91,140.632,321164.0
case2,1908.85,5878.0,142.148,321150.0
case2,1908.9,5971.7,143.723,321134.0
case2,1908.95,6065.9,145.357,321116.0
case2,1909.0,6160.48,147.054,321096.0
case2,1909.05,6255.33,148.814,321074.0
case2,1909.1,6350.31,150.64,321049.0
case2,1909.15,6445.38,152.531,321022.0
case2,1909.2,6541.12,154.472,320992.0
case2,1909.25,6637.57,156.462,320961.0
case2,1909.3,6734.66,158.5,320927.0
case2,1909.35,6832.31,160.59,320890.0
case2,1909.4,6930.44,162.732,320852.0
case2,1909.45,7028.95,164.929,320811.0
case2,1909.5,7127.74,167.18,320768.0
case2,1909.55,7226.7,169.489,320723.0
case2,1909.6,7325.73,171.856,320675.0
case2,1909.65,7424.69,174.283,320625.0
case2,1909.7,7523.46,176.771,320573.0
case2,1909.75,7621.9,179.323,320518.0
case2,1909.8,7719.86,181.94,320462.0
case2,1909.85,7817.2,184.623,320403.0
case2,1909.9,7913.75,187.373,320342.0
case2,1909.95,8009.33,190.194,320279.0
case2,1910.0,8104.47,193.068,320213.0
case2,1910.05,8199.53,195.986,320146.0
case2,1910.1,8294.44,198.948,320076.0
case2,1910.15,8389.12,201.954,320005.0
case2,1910.2,8483.48,205.007,319931.0
case2,1910.25,8577.43,208.105,319856.0
case2,1910.3,8670.88,211.25,319778.0
case2,1910.35,8763.72,214.443,319698.0
case2,1910.4,8855.85,217.683,319616.0
case2,1910.45,8947.15,220.973,319533.0
case2,1910.5,9037.51,224.313,319447.0
case2,1910.55,9126.8,227.703,319360.0
case2,1910.6,9214.88,231.144,319270.0
case2,1910.65,9301.62,234.637,319179.0
case2,1910.7,9386.88,238.183,319086.0
case2,1910.75,9470.49,241.783,318992.0
case2,1910.8,9552.3,245.437,318896.0
case2,1910.85,9632.14,249.146,318798.0
case2,1910.9,9709.83,252.912,318698.0
case2,1910.95,9785.17,256.734,318597.0
case2,1911.0,9857.99,260.614,318495.0
case2,1911.05,9928.05,264.553,318391.0
case2,1911.1,9995.16,268.551,318286.0
case2,1911.15,10059.1,272.609,318180.0
case2,1911.2,10119.6,276.729,318072.0
case2,1911.25,10176.4,280.911,317964.0
case2,1911.3,10229.3,285.157,317855.0
case2,1911.35,10277.9,289.466,317744.0
case2,1911.4,10322.1,293.841,317633.0
case2,1911.45,10361.5,298.282,317522.0
case2,1911.5,10395.7,302.79,317410.0
case2,1911.55,10424.5,307.366,317298.0
case2,1911.6,10447.5,312.011,317185.0
case2,1911.65,10464.3,316.726,317073.0
case2,1911.7,10474.5,321.513,316960.0
case2,1911.75,10477.9,326.372,316848.0
case2,1911.8,10473.8,331.304,316737.0
case2,1911.85,10462.0,336.311,316626.0
case2,1911.9,10441.8,341.394,316516.0
case2,1911.95,10412.9,346.554,316407.0
case2,1912.0,10374.8,351.791,316299.0
case2,1912.05,10326.8,357.108,316192.0
case2,1912.1,10268.5,362.504,316088.0
case2,1912.15,10199.3,367.983,315985.0
case2,1912.2,10118.5,373.544,315885.0
case2,1912.25,10025.5,379.19,315787.0
case2,1912.3,9919.68,384.92,315693.0
case2,1912.35,9800.23,390.738,315601.0
case2,1912.4,9666.43,396.643,315513.0
case2,1912.45,9517.51,402.637,315429.0
case2,1912.5,9352.62,408.722,315349.0
case2,1912.55,9170.9,414.899,315273.0
case2,1912.6,8971.42,421.17,315203.0
case2,1912.65,8753.21,427.535,315138.0
case2,1912.7,8515.24,433.996,315079.0
case2,1912.75,8256.44,440.555,315027.0
case2,1912.8,7975.65,447.213,314981.0
case2,1912.85,7676.62,453.85,314943.0
case2,1912.9,7362.72,460.365,314913.0
case2,1912.95,7034.1,466.739,314891.0
case2,1913.0,6690.9,472.953,314877.0
case2,1913.05,6333.35,478.987,314873.0
case2,1913.1,5969.27,484.636,314877.0
case2,1913.15,5603.15,489.792,314890.0
case2,1913.2,5236.25,493.88,314912.0
case2,1913.25,4870.77,496.294,314944.0
case2,1913.3,4515.75,496.685,314984.0
case2,1913.35,4188.08,494.427,315033.0
case2,1913.4,3889.21,489.771,315089.0
case2,1913.45,3630.55,483.041,315153.0
case2,1913.5,3410.32,474.629,315221.0
case2,1913.55,3223.59,464.887,315295.0
case2,1913.6,3067.48,454.295,315373.0
case2,1913.65,2939.62,443.356,315454.0
case2,1913.7,2835.12,432.212,315537.0
case2,1913.75,2749.98,420.975,315622.0
case2,1913.8,2680.95,409.736,315709.0
case2,1913.85,2625.35,398.565,315798.0
case2,1913.9,2581.02,387.519,315887.0
case2,1913.95,2546.18,376.639,315976.0
case2,1914.0,2519.37,365.96,316066.0
case2,1914.05,2499.42,355.506,316157.0
case2,1914.1,2485.36,345.297,316247.0
case2,1914.15,2476.37,335.344,316337.0
case2,1914.2,2471.81,325.658,316428.0
case2,1914.25,2471.14,316.244,316517.0
case2,1914.3,2473.91,307.106,316607.0
case2,1914.35,2479.75,298.243,316696.0
case2,1914.4,2488.36,289.657,316784.0
case2,1914.45,2499.47,281.343,316872.0
case2,1914.5,2512.89,273.3,316959.0
case2,1914.55,2528.44,265.522,317045.0
case2,1914.6,2545.97,258.006,317131.0
case2,1914.65,2565.37,250.747,317216.0
case2,1914.7,2586.54,243.737,317300.0
case2,1914.75,2609.4,236.973,317383.0
case2,1914.8,2633.88,230.448,317465.0
case2,1914.85,2659.94,224.155,317547.0
case2,1914.9,2687.53,218.089,317627.0
case2,1914.95,2716.62,212.244,317706.0
case2,1915.0,2747.18,206.613,317784.0
case2,1915.05,2779.2,201.19,317861.0
case2,1915.1,2812.66,195.97,317937.0
case2,1915.15,2847.56,190.947,318012.0
case2,1915.2,2883.88,186.114,318085.0
case2,1915.25,2921.64,181.467,318158.0
case2,1915.3,2960.84,176.999,318229.0
case2,1915.35,3001.47,172.707,318298.0
case2,1915.4,3043.55,168.583,318367.0
case2,1915.45,3087.08,164.624,318434.0
case2,1915.5,3132.07,160.825,318500.0
case2,1915.55,3178.54,157.181,318564.0
case2,1915.6,3226.56,153.695,318627.0
case2,1915.65,3276.48,150.396,318688.0
case2,1915.7,3328.29,147.285,318748.0
case2,1915.75,3381.98,144.357,318806.0
case2,1915.8,3437.51,141.608,318863.0
case2,1915.85,3494.84,139.034,318918.0
case2,1915.9,3553.94,136.631,318972.0
case2,1915.95,3614.76,134.396,319023.0
case2,1916.0,3677.26,132.325,319073.0
case2,1916.05,3741.38,130.414,319121.0
case2,1916.1,3807.08,128.661,319168.0
case2,1916.15,3874.29,127.064,319212.0
case2,1916.2,3942.95,125.62,319255.0
case2,1916.25,4012.97,124.327,319295.0
case2,1916.3,4085.03,123.184,319334.0
case2,1916.35,4159.4,122.191,319371.0
case2,1916.4,4235.99,121.349,319406.0
case2,1916.45,4314.72,120.659,319438.0
case2,1916.5,4395.48,120.123,319469.0
case2,1916.55,4478.14,119.741,319497.0
case2,1916.6,4562.59,119.517,319523.0
case2,1916.65,4648.68,119.453,319547.0
case2,1916.7,4736.24,119.55,319569.0
case2,1916.75,4825.13,119.812,319588.0
case2,1916.8,4916.18,120.191,319605.0
case2,1916.85,5009.66,120.676,319620.0
case2,1916.9,5105.48,121.27,319632.0
case2,1916.95,5203.56,121.978,319642.0
case2,1917.0,5303.81,122.804,319649.0
case2,1917.05,5406.11,123.754,319654.0
case2,1917.1,5510.34,124.831,319656.0
case2,1917.15,5616.34,126.042,319656.0
case2,1917.2,5723.99,127.336,319653.0
case2,1917.25,5833.2,128.688,319647.0
case2,1917.3,5943.9,130.098,319638.0
case2,1917.35,6056.02,131.57,319627.0
case2,1917.4,6169.45,133.105,319613.0
case2,1917.45,6284.09,134.707,319596.0
case2,1917.5,6399.84,136.376,319576.0
case2,1917.55,6517.07,138.104,319554.0
case2,1917.6,6636.24,139.88,319528.0
case2,1917.65,6757.32,141.705,319500.0
case2,1917.7,6880.27,143.581,319469.0
case2,1917.75,7005.05,145.51,319435.0
case2,1917.8,7131.6,147.494,319397.0
case2,1917.85,7259.87,149.535,319357.0
case2,1917.9,7389.79,151.635,319314.0
case2,1917.95,7521.28,153.796,319268.0
case2,1918.0,7654.27,156.02,319218.0
case2,1918.05,7788.66,158.309,319166.0
case2,1918.1,7924.35,160.665,319110.0
case2,1918.15,8061.37,163.088,319051.0
case2,1918.2,8200.71,165.552,318989.0
case2,1918.25,8342.63,168.054,318924.0
case2,1918.3,8487.17,170.594,318855.0
case2,1918.35,8634.39,173.172,318783.0
case2,1918.4,8784.33,175.79,318708.0
case2,1918.45,8937.04,178.446,318629.0
case2,1918.5,9092.58,181.143,318546.0
case2,1918.55,9250.98,183.881,318460.0
case2,1918.6,9412.3,186.66,318371.0
case2,1918.65,9576.59,189.481,318278.0
case2,1918.7,9743.9,192.344,318180.0
case2,1918.75,9914.28,195.251,318080.0
case2,1918.8,10087.8,198.202,317975.0
case2,1918.85,10264.5,201.197,317866.0
case2,1918.9,10444.4,204.238,317753.0
case2,1918.95,10627.5,207.325,317637.0
case2,1919.0,10814.0,210.458,317516.0
case2,1919.05,11003.9,213.639,317391.0
case2,1919.1,11197.2,216.867,317261.0
case2,1919.15,11394.0,220.145,317128.0
case2,1919.2,11594.3,223.472,316989.0
case2,1919.25,11798.2,226.849,316847.0
case2,1919.3,12005.7,230.277,316700.0
case2,1919.35,12216.9,233.758,316548.0
case2,1919.4,12431.9,237.29,316391.0
case2,1919.45,12650.6,240.877,316230.0
case2,1919.5,12873.1,244.517,316064.0
case2,1919.55,13099.5,248.212,315893.0
case2,1919.6,13329.8,251.963,315717.0
case2,1919.65,13564.0,255.771,315535.0
case2,1919.7,13802.2,259.637,315349.0
case2,1919.75,14044.5,263.561,315158.0
case2,1919.8,14290.8,267.544,314961.0
case2,1919.85,14541.3,271.587,314758.0
case2,1919.9,14795.9,275.692,314550.0
case2,1919.95,15054.6,279.858,314337.0
case2,1920.0,15317.5,284.088,314118.0
case2,1920.05,15584.7,288.381,313893.0
case2,1920.1,15856.1,292.739,313663.0
case2,1920.15,16131.8,297.164,313426.0
case2,1920.2,16411.7,301.655,313184.0
case2,1920.25,16696.0,306.213,312935.0
case2,1920.3,16984.5,310.841,312680.0
case2,1920.35,17277.4,315.539,312419.0
case2,1920.4,17574.6,320.308,312152.0
case2,1920.45,17876.0,325.148,311878.0
case2,1920.5,18181.8,330.062,311598.0
case2,1920.55,18491.8,335.051,311311.0
case2,1920.6,18806.1,340.114,311017.0
case2,1920.65,19124.7,345.254,310717.0
case2,1920.7,19447.4,350.472,310410.0
case2,1920.75,19774.3,355.769,310095.0
case2,1920.8,20105.3,361.145,309774.0
case2,1920.85,20440.4,366.603,309446.0
case2,1920.9,20779.5,372.144,309111.0
case2,1920.95,21122.5,377.768,308768.0
case2,1921.0,21469.4,383.477,308418.0
case2,1921.05,21820.1,389.273,308061.0
case2,1921.1,22174.5,395.156,307697.0
case2,1921.15,22532.4,401.128,307324.0
case2,1921.2,22893.9,407.19,306945.0
case2,1921.25,23258.7,413.344,306557.0
case2,1921.3,23626.8,419.591,306162.0
case2,1921.35,23997.9,425.932,305759.0
case2,1921.4,24372.0,432.369,305349.0
case2,1921.45,24748.9,438.903,304930.0
case2,1921.5,25128.4,445.536,304504.0
case2,1921.55,25510.3,452.27,304070.0
case2,1921.6,25894.5,459.105,303627.0
case2,1921.65,26280.7,466.043,303177.0
case2,1921.7,26668.8,473.086,302719.0
case2,1921.75,27058.4,480.236,302253.0
case2,1921.8,27449.4,487.494,301778.0
case2,1921.85,27841.4,494.861,301296.0
case2,1921.9,28234.3,502.34,300806.0
case2,1921.95,28627.7,509.932,300307.0
case2,1922.0,29021.4,517.639,299801.0
case2,1922.05,29415.0,525.462,299286.0
case2,1922.1,29808.2,533.403,298764.0
case2,1922.15,30200.7,541.464,298233.0
case2,1922.2,30592.1,549.647,297695.0
case2,1922.25,30982.1,557.954,297148.0
case2,1922.3,31370.3,566.386,296594.0
case2,1922.35,31756.3,574.946,296032.0
case2,1922.4,32139.7,583.635,295463.0
case2,1922.45,32520.0,592.456,294886.0
case2,1922.5,32896.9,601.409,294301.0
case2,1922.55,33269.9,610.499,293709.0
case2,1922.6,33638.6,619.725,293110.0
case2,1922.65,34002.4,629.091,292504.0
case2,1922.7,34360.9,638.598,291891.0
case2,1922.75,34713.6,648.249,291271.0
case2,1922.8,35059.9,658.046,290644.0
case2,1922.85,35399.4,667.991,290010.0
case2,1922.9,35731.6,678.087,289371.0
case2,1922.95,36055.8,688.334,288725.0
case2,1923.0,36371.5,698.737,288074.0
case2,1923.05,36678.1,709.297,287416.0
case2,1923.1,36975.1,720.017,286754.0
case2,1923.15,37261.9,730.898,286086.0
case2,1923.2,37537.8,741.944,285413.0
case2,1923.25,37802.3,753.157,284736.0
case2,1923.3,38054.6,764.54,284054.0
case2,1923.35,38294.3,776.094,283368.0
case2,1923.4,38520.6,787.823,282679.0
case2,1923.45,38732.9,799.729,281986.0
case2,1923.5,38930.5,811.816,281290.0
case2,1923.55,39112.7,824.084,280592.0
case2,1923.6,39278.9,836.539,279891.0
case2,1923.65,39428.4,849.181,279189.0
case2,1923.7,39560.4,862.015,278485.0
case2,1923.75,39674.2,875.043,277780.0
case2,1923.8,39769.2,888.267,277074.0
case2,1923.85,39844.5,901.691,276369.0
case2,1923.9,39899.5,915.318,275664.0
case2,1923.95,39933.3,929.152,274959.0
case2,1924.0,39945.2,943.194,274257.0
case2,1924.05,39934.5,957.448,273556.0
case2,1924.1,39900.2,971.918,272857.0
case2,1924.15,39841.6,986.607,272162.0
case2,1924.2,39757.8,1001.52,271471.0
case2,1924.25,39648.1,1016.65,270784.0
case2,1924.3,39511.4,1032.02,270101.0
case2,1924.35,39346.9,1047.61,269425.0
case2,1924.4,39153.8,1063.45,268755.0
case2,1924.45,38930.9,1079.52,268091.0
case2,1924.5,38677.4,1095.83,267436.0
case2,1924.55,38392.1,1112.39,266788.0
case2,1924.6,38074.2,1129.21,266150.0
case2,1924.65,37722.3,1146.27,265523.0
case2,1924.7,37335.5,1163.6,264905.0
case2,1924.75,36912.4,1181.18,264300.0
case2,1924.8,36451.8,1199.03,263707.0
case2,1924.85,35952.4,1217.15,263128.0
case2,1924.9,35412.7,1235.55,262563.0
case2,1924.95,34831.4,1254.22,262013.0
case2,1925.0,34206.7,1273.17,261480.0
case2,1925.05,33537.1,1292.42,260965.0
case2,1925.1,32820.7,1311.95,260468.0
case2,1925.15,32055.6,1331.78,259990.0
case2,1925.2,31239.9,1351.9,259534.0
case2,1925.25,30371.3,1372.33,259099.0
case2,1925.3,29447.4,1393.07,258688.0
case2,1925.35,28465.7,1414.13,258302.0
case2,1925.4,27423.4,1435.5,257942.0
case2,1925.45,26317.6,1457.19,257610.0
case2,1925.5,25144.9,1479.22,257307.0
case2,1925.55,23902.0,1501.57,257034.0
case2,1925.6,22584.8,1524.26,256795.0
case2,1925.65,21189.2,1547.3,256590.0
case2,1925.7,19710.5,1570.68,256421.0
case2,1925.75,18143.7,1594.42,256290.0
case2,1925.8,16483.1,1618.52,256200.0
case2,1925.85,14722.6,1642.98,256153.0
case2,1925.9,12855.2,1667.81,256152.0
case2,1925.95,10873.5,1693.02,256198.0
case2,1926.0,8768.8,1718.6,256295.0
case2,1926.05,6581.44,1743.34,256446.0
case2,1926.1,4579.69,1757.57,256650.0
case2,1926.15,3162.94,1734.71,256897.0
case2,1926.2,2432.41,1689.02,257170.0
case2,1926.25,2033.91,1638.18,257455.0
case2,1926.3,1767.65,1587.23,257748.0
case2,1926.35,1587.86,1536.82,258045.0
case2,1926.4,1451.6,1487.48,258346.0
case2,1926.45,1338.88,1439.45,258649.0
case2,1926.5,1245.2,1392.75,258954.0
case2,1926.55,1167.1,1347.38,259260.0
case2,1926.6,1101.81,1303.35,259568.0
case2,1926.65,1047.14,1260.63,259876.0
case2,1926.7,1001.31,1219.22,260184.0
case2,1926.75,962.875,1179.09,260493.0
case2,1926.8,930.681,1140.23,260802.0
case2,1926.85,903.775,1102.59,261111.0
case2,1926.9,881.38,1066.15,261420.0
case2,1926.95,862.858,1030.89,261729.0
case2,1927.0,847.681,996.762,262037.0
case2,1927.05,835.415,963.746,262345.0
case2,1927.1,825.696,931.808,262652.0
case2,1927.15,818.226,900.916,262959.0
case2,1927.2,812.754,871.04,263265.0
case2,1927.25,809.069,842.148,263571.0
case2,1927.3,806.999,814.211,263876.0
case2,1927.35,806.396,787.199,264180.0
case2,1927.4,807.14,761.084,264483.0
case2,1927.45,809.128,735.836,264786.0
case2,1927.5,812.277,711.429,265087.0
case2,1927.55,816.518,687.836,265388.0
case2,1927.6,821.792,665.029,265688.0
case2,1927.65,828.054,642.985,265987.0
case2,1927.7,835.268,621.678,266285.0
case2,1927.75,843.404,601.084,266582.0
case2,1927.8,852.442,581.181,266878.0
case2,1927.85,862.366,561.944,267174.0
case2,1927.9,873.167,543.354,267468.0
case2,1927.95,884.841,525.387,267761.0
case2,1928.0,897.388,508.024,268053.0
case2,1928.05,910.813,491.245,268343.0
case2,1928.1,925.124,475.03,268633.0
case2,1928.15,940.333,459.362,268922.0
case2,1928.2,956.456,444.221,269209.0
case2,1928.25,973.511,429.59,269495.0
case2,1928.3,991.52,415.452,269780.0
case2,1928.35,1010.51,401.791,270064.0
case2,1928.4,1030.5,388.591,270346.0
case2,1928.45,1051.53,375.837,270628.0
case2,1928.5,1073.63,363.514,270908.0
case2,1928.55,1096.84,351.607,271186.0
case2,1928.6,1121.19,340.103,271463.0
case2,1928.65,1146.73,328.988,271739.0
case2,1928.7,1173.5,318.25,272014.0
case2,1928.75,1201.54,307.875,272287.0
case2,1928.8,1230.91,297.852,272558.0
case2,1928.85,1261.67,288.168,272828.0
case2,1928.9,1293.86,278.813,273097.0
case2,1928.95,1327.54,269.776,273364.0
case2,1929.0,1362.78,261.045,273629.0
case2,1929.05,1399.65,252.612,273892.0
case2,1929.1,1438.21,244.465,274154.0
case2,1929.15,1478.53,236.596,274415.0
case2,1929.2,1520.7,228.994,274673.0
case2,1929.25,1564.79,221.652,274930.0
case2,1929.3,1610.88,214.56,275184.0
case2,1929.35,1658.15,207.722,275437.0
case2,1929.4,1706.38,201.131,275688.0
case2,1929.45,1755.68,194.78,275937.0
case2,1929.5,1806.16,188.658,276184.0
case2,1929.55,1857.93,182.758,276430.0
case2,1929.6,1911.09,177.071,276673.0
case2,1929.65,1965.77,171.59,276914.0
case2,1929.7,2022.06,166.308,277153.0
case2,1929.75,2080.07,161.217,277389.0
case2,1929.8,2139.92,156.311,277624.0
case2,1929.85,2201.71,151.583,277856.0
case2,1929.9,2265.56,147.027,278087.0
case2,1929.95,2331.58,142.636,278315.0
case2,1930.0,2399.88,138.406,278540.0
case2,1930.05,2469.7,134.359,278763.0
case2,1930.1,2540.28,130.517,278984.0
case2,1930.15,2611.77,126.869,279202.0
case2,1930.2,2684.3,123.406,279418.0
case2,1930.25,2758.0,120.12,279632.0
case2,1930.3,2832.99,117.003,279842.0
case2,1930.35,2909.37,114.048,280051.0
case2,1930.4,2987.26,111.248,280257.0
case2,1930.45,3066.73,108.596,280460.0
case2,1930.5,3147.88,106.088,280661.0
case2,1930.55,3230.83,103.72,280859.0
case2,1930.6,3316.05,101.529,281054.0
case2,1930.65,3403.65,99.5179,281246.0
case2,1930.7,3493.66,97.6822,281436.0
case2,1930.75,3586.08,96.0172,281623.0
case2,1930.8,3680.91,94.5187,281807.0
case2,1930.85,3778.14,93.1833,281988.0
case2,1930.9,3877.74,92.0081,282166.0
case2,1930.95,3979.67,90.9909,282341.0
case2,1931.0,4084.24,90.13,282513.0
case2,1931.05,4192.22,89.4256,282682.0
case2,1931.1,4303.57,88.8789,282847.0
case2,1931.15,4418.22,88.4916,283009.0
case2,1931.2,4536.08,88.2662,283168.0
case2,1931.25,4657.07,88.2058,283323.0
case2,1931.3,4781.06,88.3143,283475.0
case2,1931.35,4908.39,88.5721,283623.0
case2,1931.4,5039.93,88.9384,283767.0
case2,1931.45,5175.68,89.4182,283908.0
case2,1931.5,5315.62,90.0168,284044.0
case2,1931.55,5459.69,90.7402,284177.0
case2,1931.6,5607.85,91.5948,284306.0
case2,1931.65,5760.02,92.5394,284430.0
case2,1931.7,5916.21,93.5388,284551.0
case2,1931.75,6076.44,94.5958,284667.0
case2,1931.8,6240.7,95.7132,284778.0
case2,1931.85,6408.96,96.8942,284885.0
case2,1931.9,6581.81,98.1275,284988.0
case2,1931.95,6759.78,99.4037,285085.0
case2,1932.0,6942.95,100.725,285178.0
case2,1932.05,7131.42,102.093,285266.0
case2,1932.1,7325.26,103.511,285349.0
case2,1932.15,7524.54,104.981,285427.0
case2,1932.2,7729.35,106.505,285500.0
case2,1932.25,7939.72,108.087,285567.0
case2,1932.3,8156.08,109.72,285628.0
case2,1932.35,8379.68,111.378,285684.0
case2,1932.4,8610.82,113.061,285734.0
case2,1932.45,8849.74,114.77,285778.0
case2,1932.5,9096.74,116.504,285816.0
case2,1932.55,9352.07,118.265,285848.0
case2,1932.6,9616.02,120.053,285872.0
case2,1932.65,9888.89,121.867,285891.0
case2,1932.7,10171.0,123.709,285902.0
case2,1932.75,10462.6,125.578,285906.0
case2,1932.8,10764.0,127.476,285902.0
case2,1932.85,11075.6,129.403,285891.0
case2,1932.9,11397.6,131.358,285872.0
case2,1932.95,11730.4,133.343,285845.0
case2,1933.0,12074.4,135.359,285809.0
case2,1933.05,12429.9,137.404,285765.0
case2,1933.1,12797.1,139.481,285712.0
case2,1933.15,13176.6,141.589,285650.0
case2,1933.2,13568.6,143.729,285578.0
case2,1933.25,13973.4,145.901,285497.0
case2,1933.3,14391.5,148.106,285406.0
case2,1933.35,14823.2,150.344,285304.0
case2,1933.4,15268.8,152.616,285192.0
case2,1933.45,15728.8,154.923,285069.0
case2,1933.5,16203.5,157.264,284934.0
case2,1933.55,16693.1,159.641,284788.0
case2,1933.6,17198.2,162.053,284630.0
case2,1933.65,17719.1,164.503,284460.0
case2,1933.7,18256.0,166.989,284277.0
case2,1933.75,18809.3,169.512,284081.0
case2,1933.8,19379.3,172.074,283871.0
case2,1933.85,19966.4,174.675,283648.0
case2,1933.9,20570.9,177.315,283411.0
case2,1933.95,21193.0,179.994,283159.0
case2,1934.0,21833.0,182.715,282892.0
case2,1934.05,22491.2,185.476,282609.0
case2,1934.1,23167.8,188.279,282311.0
case2,1934.15,23862.9,191.124,281997.0
case2,1934.2,24576.9,194.013,281666.0
case2,1934.25,25309.7,196.945,281318.0
case2,1934.3,26061.6,199.921,280952.0
case2,1934.35,26832.6,202.943,280569.0
case2,1934.4,27622.8,206.01,280167.0
case2,1934.45,28432.1,209.123,279747.0
case2,1934.5,29260.6,212.284,279307.0
case2,1934.55,30108.2,215.492,278848.0
case2,1934.6,30974.7,218.749,278368.0
case2,1934.65,31860.0,222.055,277868.0
case2,1934.7,32763.8,225.411,277348.0
case2,1934.75,33685.9,228.817,276806.0
case2,1934.8,34625.9,232.275,276242.0
case2,1934.85,35583.5,235.786,275657.0
case2,1934.9,36558.1,239.349,275048.0
case2,1934.95,37549.2,242.966,274418.0
case2,1935.0,38556.3,246.638,273764.0
case2,1935.05,39578.7,250.366,273086.0
case2,1935.1,40615.6,254.149,272385.0
case2,1935.15,41666.3,257.99,271659.0
case2,1935.2,42729.8,261.889,270909.0
case2,1935.25,43805.4,265.847,270135.0
case2,1935.3,44891.8,269.865,269335.0
case2,1935.35,45988.1,273.943,268511.0
case2,1935.4,47093.1,278.083,267661.0
case2,1935.45,48205.6,282.286,266786.0
case2,1935.5,49324.4,286.552,265885.0
case2,1935.55,50448.0,290.883,264959.0
case2,1935.6,51575.0,295.279,264006.0
case2,1935.65,52704.1,299.742,263029.0
case2,1935.7,53833.6,304.272,262025.0
case2,1935.75,54962.1,308.87,260996.0
case2,1935.8,56087.9,313.538,259941.0
case2,1935.85,57209.3,318.276,258860.0
case2,1935.9,58324.8,323.086,257754.0
case2,1935.95,59432.5,327.969,256623.0
case2,1936.0,60530.7,332.926,255467.0
case2,1936.05,61617.8,337.957,254287.0
case2,1936.1,62691.9,343.065,253082.0
case2,1936.15,63751.3,348.25,251853.0
case2,1936.2,64794.3,353.513,250601.0
case2,1936.25,65819.1,358.855,249325.0
case2,1936.3,66824.0,364.279,248027.0
case2,1936.35,67807.4,369.784,246707.0
case2,1936.4,68767.5,375.372,245365.0
case2,1936.45,69702.9,381.045,244002.0
case2,1936.5,70611.9,386.804,242619.0
case2,1936.55,71493.0,392.65,241216.0
case2,1936.6,72344.9,398.584,239794.0
case2,1936.65,73166.1,404.608,238354.0
case2,1936.7,73955.4,410.722,236896.0
case2,1936.75,74711.6,416.93,235422.0
case2,1936.8,75433.5,423.231,233932.0
case2,1936.85,76120.1,429.627,232426.0
case2,1936.9,76770.4,436.12,230907.0
case2,1936.95,77383.6,442.711,229374.0
case2,1937.0,77959.0,449.402,227828.0
case2,1937.05,78495.9,456.193,226271.0
case2,1937.1,78993.6,463.088,224703.0
case2,1937.15,79451.8,470.086,223126.0
case2,1937.2,79870.1,477.191,221540.0
case2,1937.25,80248.2,484.403,219946.0
case2,1937.3,80585.8,491.723,218345.0
case2,1937.35,80883.1,499.155,216738.0
case2,1937.4,81139.8,506.698,215126.0
case2,1937.45,81356.2,514.356,213510.0
case2,1937.5,81532.4,522.129,211891.0
case2,1937.55,81668.6,530.02,210270.0
case2,1937.6,81765.2,538.031,208648.0
case2,1937.65,81822.6,546.162,207025.0
case2,1937.7,81841.3,554.416,205402.0
case2,1937.75,81821.8,562.795,203781.0
case2,1937.8,81764.7,571.3,202163.0
case2,1937.85,81670.6,579.934,200547.0
case2,1937.9,81540.2,588.699,198936.0
case2,1937.95,81374.3,597.596,197329.0
case2,1938.0,81173.6,606.627,195728.0
case2,1938.05,80939.0,615.795,194133.0
case2,1938.1,80671.3,625.101,192546.0
case2,1938.15,80371.3,634.548,190966.0
case2,1938.2,80039.8,644.138,189395.0
case2,1938.25,79677.9,653.873,187833.0
case2,1938.3,79286.5,663.755,186282.0
case2,1938.35,78866.3,673.786,184741.0
case2,1938.4,78418.3,683.969,183211.0
case2,1938.45,77943.5,694.306,181693.0
case2,1938.5,77442.6,704.799,180188.0
case2,1938.55,76916.7,715.451,178695.0
case2,1938.6,76366.6,726.263,177216.0
case2,1938.65,75793.2,737.239,175752.0
case2,1938.7,75197.3,748.381,174302.0
case2,1938.75,74579.7,759.691,172867.0
case2,1938.8,73941.2,771.172,171448.0
case2,1938.85,73282.7,782.827,170045.0
case2,1938.9,72604.8,794.658,168658.0
case2,1938.95,71908.3,806.667,167289.0
case2,1939.0,71193.9,818.859,165936.0
case2,1939.05,70462.2,831.234,164602.0
case2,1939.1,69713.9,843.796,163285.0
case2,1939.15,68949.5,856.548,161987.0
case2,1939.2,68169.7,869.493,160708.0
case2,1939.25,67374.8,882.634,159448.0
case2,1939.3,66565.5,895.973,158207.0
case2,1939.35,65742.1,909.514,156987.0
case2,1939.4,64905.0,923.259,155786.0
case2,1939.45,64054.6,937.213,154606.0
case2,1939.5,63191.2,951.377,153446.0
case2,1939.55,62315.1,965.755,152308.0
case2,1939.6,61426.4,980.35,151191.0
case2,1939.65,60525.4,995.166,150096.0
case2,1939.7,59612.1,1010.21,149022.0
case2,1939.75,58686.7,1025.47,147971.0
case2,1939.8,57749.2,1040.97,146942.0
case2,1939.85,56799.5,1056.7,145936.0
case2,1939.9,55837.6,1072.67,144953.0
case2,1939.95,54863.3,1088.88,143993.0
case2,1940.0,53876.5,1105.34,143057.0
case2,1940.05,52876.8,1122.05,142145.0
case2,1940.1,51864.0,1139.0,141258.0
case2,1940.15,50837.6,1156.22,140395.0
case2,1940.2,49797.2,1173.69,139557.0
case2,1940.25,48742.3,1191.43,138744.0
case2,1940.3,47672.2,1209.43,137957.0
case2,1940.35,46586.2,1227.71,137196.0
case2,1940.4,45483.6,1246.27,136462.0
case2,1940.45,44363.5,1265.1,135755.0
case2,1940.5,43224.8,1284.22,135075.0
case2,1940.55,42066.5,1303.63,134423.0
case2,1940.6,40887.3,1323.33,133800.0
case2,1940.65,39685.9,1343.33,133205.0
case2,1940.7,38460.7,1363.63,132641.0
case2,1940.75,37210.1,1384.24,132106.0
case2,1940.8,35932.2,1405.16,131603.0
case2,1940.85,34625.0,1426.4,131131.0
case2,1940.9,33286.3,1447.95,130692.0
case2,1940.95,31913.4,1469.84,130286.0
case2,1941.0,30503.8,1492.05,129914.0
case2,1941.05,29054.2,1514.6,129578.0
case2,1941.1,27561.4,1537.49,129278.0
case2,1941.15,26021.5,1560.72,129015.0
case2,1941.2,24430.4,1584.31,128792.0
case2,1941.25,22783.3,1608.26,128608.0
case2,1941.3,21075.1,1632.56,128467.0
case2,1941.35,19299.8,1657.23,128368.0
case2,1941.4,17450.9,1682.28,128315.0
case2,1941.45,15521.1,1707.7,128309.0
case2,1941.5,13501.8,1733.51,128352.0
case2,1941.55,11383.7,1759.71,128447.0
case2,1941.6,9155.95,1786.3,128597.0
case2,1941.65,6839.4,1812.47,128804.0
case2,1941.7,4703.79,1829.14,129067.0
case2,1941.75,3181.88,1807.27,129378.0
case2,1941.8,2414.83,1759.61,129717.0
case2,1941.85,2003.07,1706.51,130071.0
case2,1941.9,1732.92,1653.27,130433.0
case2,1941.95,1552.19,1600.6,130802.0
case2,1942.0,1411.9,1549.13,131175.0
case2,1942.05,1296.68,1499.01,131551.0
case2,1942.1,1201.72,1450.28,131931.0
case2,1942.15,1123.09,1402.94,132313.0
case2,1942.2,1057.8,1356.99,132697.0
case2,1942.25,1003.46,1312.43,133084.0
case2,1942.3,958.18,1269.23,133472.0
case2,1942.35,920.426,1227.38,133862.0
case2,1942.4,888.972,1186.84,134253.0
case2,1942.45,862.823,1147.59,134645.0
case2,1942.5,841.171,1109.6,135038.0
case2,1942.55,823.353,1072.83,135432.0
case2,1942.6,808.828,1037.25,135827.0
case2,1942.65,797.143,1002.83,136223.0
case2,1942.7,787.471,969.543,136619.0
case2,1942.75,779.517,937.344,137016.0
case2,1942.8,773.176,906.204,137414.0
case2,1942.85,768.36,876.091,137812.0
case2,1942.9,764.992,846.974,138211.0
case2,1942.95,763.006,818.82,138610.0
case2,1943.0,762.344,791.601,139010.0
case2,1943.05,762.959,765.287,139410.0
case2,1943.1,764.811,739.849,139811.0
case2,1943.15,767.866,715.259,140212.0
case2,1943.2,772.098,691.49,140613.0
case2,1943.25,777.487,668.516,141014.0
case2,1943.3,784.017,646.312,141416.0
case2,1943.35,791.679,624.852,141818.0
case2,1943.4,800.466,604.112,142220.0
case2,1943.45,810.186,584.069,142622.0
case2,1943.5,820.673,564.7,143024.0
case2,1943.55,831.926,545.983,143427.0
case2,1943.6,843.949,527.896,143829.0
case2,1943.65,856.746,510.417,144232.0
case2,1943.7,870.329,493.528,144634.0
case2,1943.75,884.709,477.208,145037.0
case2,1943.8,899.902,461.438,145439.0
case2,1943.85,915.926,446.2,145842.0
case2,1943.9,932.802,431.477,146244.0
case2,1943.95,950.553,417.251,146647.0
case2,1944.0,969.206,403.505,147049.0
case2,1944.05,988.788,390.223,147451.0
case2,1944.1,1009.33,377.391,147853.0
case2,1944.15,1030.87,364.993,148254.0
case2,1944.2,1053.43,353.014,148656.0
case2,1944.25,1077.06,341.44,149057.0
case2,1944.3,1101.8,330.259,149458.0
case2,1944.35,1127.69,319.456,149858.0
case2,1944.4,1154.77,309.019,150258.0
case2,1944.45,1183.1,298.937,150658.0
case2,1944.5,1212.72,289.196,151057.0
case2,1944.55,1243.68,279.786,151456.0
case2,1944.6,1276.05,270.696,151854.0
case2,1944.65,1309.88,261.914,152252.0
case2,1944.7,1345.23,253.431,152649.0
case2,1944.75,1382.16,245.237,153045.0
case2,1944.8,1420.75,237.322,153441.0
case2,1944.85,1461.07,229.676,153836.0
case2,1944.9,1503.18,222.291,154230.0
case2,1944.95,1547.17,215.157,154623.0
case2,1945.0,1593.12,208.268,155016.0
case2,1945.05,1640.69,201.619,155407.0
case2,1945.1,1689.18,195.211,155798.0
case2,1945.15,1738.71,189.037,156187.0
case2,1945.2,1789.39,183.086,156576.0
case2,1945.25,1841.33,177.351,156963.0
case2,1945.3,1894.64,171.823,157349.0
case2,1945.35,1949.41,166.497,157734.0
case2,1945.4,2005.76,161.363,158118.0
case2,1945.45,2063.79,156.415,158501.0
case2,1945.5,2123.6,151.647,158882.0
case2,1945.55,2185.31,147.053,159262.0
case2,1945.6,2249.02,142.625,159641.0
case2,1945.65,2314.84,138.359,160018.0
case2,1945.7,2382.88,134.249,160394.0
case2,1945.75,2452.82,130.303,160768.0
case2,1945.8,2523.5,126.557,161140.0
case2,1945.85,2595.05,123.0,161511.0
case2,1945.9,2667.62,119.624,161880.0
case2,1945.95,2741.32,116.421,162248.0
case2,1946.0,2816.26,113.382,162614.0
case2,1946.05,2892.56,110.501,162978.0
case2,1946.1,2970.31,107.77,163340.0
case2,1946.15,3049.6,105.185,163700.0
case2,1946.2,3130.52,102.739,164059.0
case2,1946.25,3213.15,100.426,164415.0
case2,1946.3,3297.89,98.2771,164770.0
case2,1946.35,3384.94,96.3029,165122.0
case2,1946.4,3474.33,94.4985,165473.0
case2,1946.45,3566.05,92.8592,165821.0
case2,1946.5,3660.11,91.3808,166167.0
case2,1946.55,3756.47,90.0598,166511.0
case2,1946.6,3855.13,88.8933,166852.0
case2,1946.65,3956.04,87.8788,167191.0
case2,1946.7,4059.32,87.0144,167528.0
case2,1946.75,4165.78,86.2998,167862.0
case2,1946.8,4275.46,85.7357,168193.0
case2,1946.85,4388.29,85.3234,168521.0
case2,1946.9,4504.2,85.065,168847.0
case2,1946.95,4623.08,84.9631,169170.0
case2,1947.0,4744.81,85.021,169490.0
case2,1947.05,4869.45,85.2327,169807.0
case2,1947.1,4997.91,85.5527,170121.0
case2,1947.15,5130.31,85.9791,170431.0
case2,1947.2,5266.6,86.5164,170739.0
case2,1947.25,5406.73,87.17,171043.0
case2,1947.3,5550.63,87.9456,171343.0
case2,1947.35,5698.23,88.8324,171640.0
case2,1947.4,5849.47,89.7738,171933.0
case2,1947.45,6004.36,90.7686,172222.0
case2,1947.5,6162.86,91.8193,172507.0
case2,1947.55,6324.94,92.9287,172789.0
case2,1947.6,6490.71,94.0962,173066.0
case2,1947.65,6660.9,95.3058,173339.0
case2,1947.7,6835.66,96.557,173608.0
case2,1947.75,7015.03,97.8518,173872.0
case2,1947.8,7199.05,99.192,174132.0
case2,1947.85,7387.77,100.58,174387.0
case2,1947.9,7581.19,102.018,174637.0
case2,1947.95,7779.35,103.507,174883.0
case2,1948.0,7982.25,105.052,175123.0
case2,1948.05,8190.45,106.64,175359.0
case2,1948.1,8404.9,108.251,175589.0
case2,1948.15,8625.77,109.887,175813.0
case2,1948.2,8853.22,111.548,176032.0
case2,1948.25,9087.43,113.234,176246.0
case2,1948.3,9328.59,114.945,176453.0
case2,1948.35,9576.86,116.682,176654.0
case2,1948.4,9832.43,118.446,176849.0
case2,1948.45,10095.5,120.236,177037.0
case2,1948.5,10366.2,122.053,177219.0
case2,1948.55,10644.7,123.898,177394.0
case2,1948.6,10931.2,125.77,177562.0
case2,1948.65,11226.0,127.671,177722.0
case2,1948.7,11529.0,129.6,177875.0
case2,1948.75,11840.7,131.559,178020.0
case2,1948.8,12161.0,133.547,178158.0
case2,1948.85,12490.1,135.565,178287.0
case2,1948.9,12828.3,137.614,178408.0
case2,1948.95,13175.7,139.694,178520.0
case2,1949.0,13532.3,141.805,178624.0
case2,1949.05,13898.5,143.948,178718.0
case2,1949.1,14274.2,146.124,178803.0
case2,1949.15,14659.6,148.332,178879.0
case2,1949.2,15054.9,150.574,178945.0
case2,1949.25,15460.1,152.849,179001.0
case2,1949.3,15875.3,155.159,179046.0
case2,1949.35,16300.6,157.504,179081.0
case2,1949.4,16736.1,159.885,179106.0
case2,1949.45,17181.8,162.301,179119.0
case2,1949.5,17637.7,164.754,179121.0
case2,1949.55,18104.0,167.244,179112.0
case2,1949.6,18580.4,169.771,179090.0
case2,1949.65,19067.1,172.337,179057.0
case2,1949.7,19564.0,174.941,179011.0
case2,1949.75,20071.0,177.585,178953.0
case2,1949.8,20588.1,180.269,178882.0
case2,1949.85,21115.1,182.994,178798.0
case2,1949.9,21651.8,185.759,178701.0
case2,1949.95,22198.2,188.567,178590.0
case2,1950.0,22754.1,191.416,178466.0
